Filename,Image Description,Title,Description,Hashtags,SEO Keywords,Board Name,New Board Name
Whisk_0ajy0q2n1iwzjftytmwnjfwlxq2m00yywatztig.png,A studio-style close-up of a close-up solitaire-style gold ring with diamond-forward styling against a deep midnight studio backdrop.,Diamond Solitaire Ring Polished Gold Lines Centered Portrait on Midnight Slate,"Diamond Solitaire Ring Polished Gold Lines Centered Portrait on Midnight Slate places a solitaire-led silhouette in a centered portrait on a deep midnight studio backdrop, balancing diamond brilliance with polished gold lines and polished yellow-gold styling. Use this pin for Diamond Rings when you want jewelry content that reads premium, save-worthy, and ready for bridal or luxury inspiration boards.",#diamondring #finejewelry #engagementring #goldjewelry #luxuryjewelry #pinterestpost #solitairering #bridalring #finejewelry #diamondrings,"diamond ring, clear stone ring, gold engagement ring, solitaire engagement ring, bridal solitaire jewelry, diamond rings, midnight slate jewelry photo, Pinterest jewelry content",Diamond Rings,Diamond Rings
Whisk_0ejmkhjnkr2nmvgotewo2iwlwedo00smwgzntim.png,A studio-style close-up of a close-up solitaire-style gold ring with diamond-forward styling against a charcoal-grey editorial backdrop.,Diamond Solitaire Ring Refined Diamond Accents Hand-Styled Close-Up on Charcoal Grey,"Diamond Solitaire Ring Refined Diamond Accents Hand-Styled Close-Up on Charcoal Grey places a solitaire-led silhouette in a hand-styled close-up on a charcoal-grey editorial backdrop, balancing diamond brilliance with refined diamond accents and polished yellow-gold styling. Use this pin for Diamond Rings when you want jewelry content that reads premium, save-worthy, and ready for bridal or luxury inspiration boards.",#diamondring #finejewelry #engagementring #goldjewelry #luxuryjewelry #pinterestpost #solitairering #bridalring #finejewelry #diamondrings,"diamond ring, clear stone ring, gold engagement ring, solitaire engagement ring, bridal solitaire jewelry, diamond rings, charcoal grey jewelry photo, Pinterest jewelry content",Diamond Rings,Diamond Rings
Whisk_0ety4ezn4qgmkdtztuznijwlmnjy00ynxedoteg.png,A studio-style close-up of a close-up solitaire-style gold ring with diamond-forward styling against a warm taupe background.,Diamond Solitaire Ring A Softly Sculpted Profile Centered Portrait on Warm Taupe,"Diamond Solitaire Ring A Softly Sculpted Profile Centered Portrait on Warm Taupe places a solitaire-led silhouette in a centered portrait on a warm taupe background, balancing diamond brilliance with a softly sculpted profile and polished yellow-gold styling. Use this pin for Diamond Rings when you want jewelry content that reads premium, save-worthy, and ready for bridal or luxury inspiration boards.",#diamondring #finejewelry #engagementring #goldjewelry #luxuryjewelry #pinterestpost #solitairering #bridalring #finejewelry #diamondrings,"diamond ring, clear stone ring, gold engagement ring, solitaire engagement ring, bridal solitaire jewelry, diamond rings, warm taupe jewelry photo, Pinterest jewelry content",Diamond Rings,Diamond Rings
Whisk_0ezmmzdmhztninwmtatnzewl3idz00yyjjmmtiz.png,A studio-style close-up of a close-up solitaire-style gold ring with diamond-forward styling against a warm taupe background.,Diamond Solitaire Ring Bridal-Ready Sparkle Centered Portrait on Warm Taupe,"Diamond Solitaire Ring Bridal-Ready Sparkle Centered Portrait on Warm Taupe places a solitaire-led silhouette in a centered portrait on a warm taupe background, balancing diamond brilliance with bridal-ready sparkle and polished yellow-gold styling. Use this pin for Diamond Rings when you want jewelry content that reads premium, save-worthy, and ready for bridal or luxury inspiration boards.",#diamondring #finejewelry #engagementring #goldjewelry #luxuryjewelry #pinterestpost #solitairering #bridalring #finejewelry #diamondrings,"diamond ring, clear stone ring, gold engagement ring, solitaire engagement ring, bridal solitaire jewelry, diamond rings, warm taupe jewelry photo, Pinterest jewelry content",Diamond Rings,Diamond Rings
Whisk_0gdomfjykdjmjzgotiwmiltl3e2n00yy0kjmtmj.png,A studio-style close-up of a close-up solitaire-style gold ring with a green gemstone center against a charcoal-grey editorial backdrop.,Green Gemstone Solitaire Ring Polished Gold Lines Centered Portrait on Charcoal Grey,"Green Gemstone Solitaire Ring Polished Gold Lines Centered Portrait on Charcoal Grey places a solitaire-led silhouette in a centered portrait on a charcoal-grey editorial backdrop, balancing green gemstone color with polished gold lines and polished yellow-gold styling. Use this pin for Green Gemstone Gold Rings when you want jewelry content that reads premium, save-worthy, and ready for bridal or luxury inspiration boards.",#greengemstone #gemstonering #coloreddiamondlook #goldjewelry #luxuryjewelry #pinterestpost #solitairering #bridalring #finejewelry #greengemstonegoldrings,"green gemstone ring, green gold ring, colored gemstone jewelry, solitaire engagement ring, bridal solitaire jewelry, green gemstone gold rings, charcoal grey jewelry photo, Pinterest jewelry content",Green Gemstone Gold Rings,Green Gemstone Gold Rings
Whisk_0iwm1yzm3e2ykjwntqwnygtlmnmm00yn2cjntuw.png,A studio-style close-up of a close-up solitaire-style gold ring with diamond-forward styling against a deep midnight studio backdrop.,Diamond Solitaire Ring Refined Diamond Accents Centered Portrait on Midnight Slate,"Diamond Solitaire Ring Refined Diamond Accents Centered Portrait on Midnight Slate places a solitaire-led silhouette in a centered portrait on a deep midnight studio backdrop, balancing diamond brilliance with refined diamond accents and polished yellow-gold styling. Use this pin for Diamond Rings when you want jewelry content that reads premium, save-worthy, and ready for bridal or luxury inspiration boards.",#diamondring #finejewelry #engagementring #goldjewelry #luxuryjewelry #pinterestpost #solitairering #bridalring #finejewelry #diamondrings,"diamond ring, clear stone ring, gold engagement ring, solitaire engagement ring, bridal solitaire jewelry, diamond rings, midnight slate jewelry photo, Pinterest jewelry content",Diamond Rings,Diamond Rings
Whisk_0kdzwcjyjbjn4mjntazywktl0ugm00sywu2ntgz.png,A studio-style close-up of a close-up solitaire-style gold ring with diamond-forward styling against a warm taupe background.,Diamond Solitaire Ring A Softly Sculpted Profile Hand-Styled Close-Up on Warm Taupe,"Diamond Solitaire Ring A Softly Sculpted Profile Hand-Styled Close-Up on Warm Taupe places a solitaire-led silhouette in a hand-styled close-up on a warm taupe background, balancing diamond brilliance with a softly sculpted profile and polished yellow-gold styling. Use this pin for Diamond Rings when you want jewelry content that reads premium, save-worthy, and ready for bridal or luxury inspiration boards.",#diamondring #finejewelry #engagementring #goldjewelry #luxuryjewelry #pinterestpost #solitairering #bridalring #finejewelry #diamondrings,"diamond ring, clear stone ring, gold engagement ring, solitaire engagement ring, bridal solitaire jewelry, diamond rings, warm taupe jewelry photo, Pinterest jewelry content",Diamond Rings,Diamond Rings
Whisk_0ktyyadowe2m3qdztigo1ktlziwz00yn1qdotez.png,A studio-style close-up of a close-up solitaire-style gold ring with a blush-toned gemstone accent against a rosy clay backdrop.,Blush Solitaire Ring Bridal-Ready Sparkle Centered Portrait on Rose Clay,"Blush Solitaire Ring Bridal-Ready Sparkle Centered Portrait on Rose Clay places a solitaire-led silhouette in a centered portrait on a rosy clay backdrop, balancing a blush-toned gemstone mood with bridal-ready sparkle and polished yellow-gold styling. Use this pin for Three-stone blush ring set in gold when you want jewelry content that reads premium, save-worthy, and ready for bridal or luxury inspiration boards.",#blushring #romanticjewelry #bridalstyle #goldjewelry #luxuryjewelry #pinterestpost #solitairering #bridalring #finejewelry #threestoneblushringsetingold,"blush gemstone ring, pink gold ring, romantic bridal jewelry, solitaire engagement ring, bridal solitaire jewelry, three-stone blush ring set in gold, rose clay jewelry photo, Pinterest jewelry content",Three-stone blush ring set in gold,Three-stone blush ring set in gold
Whisk_0q2n3ujm4ymnkzwntigm0ktllvmn00im2mdntiw.png,A studio-style close-up of a clean-lined gold ring for everyday wear with a yellow gemstone highlight against a clean ivory studio backdrop.,Yellow Gemstone Gold Ring A Clean Daily Wear Finish Centered Portrait on Soft Ivory,"Yellow Gemstone Gold Ring A Clean Daily Wear Finish Centered Portrait on Soft Ivory places a minimal silhouette built for everyday styling in a centered portrait on a clean ivory studio backdrop, balancing yellow gemstone warmth with a clean daily-wear finish and polished yellow-gold styling. Use this pin for Yellow Gemstone Gold Rings when you want jewelry content that reads premium, save-worthy, and ready for bridal or luxury inspiration boards.",#yellowgemstone #goldring #statementjewelry #goldjewelry #luxuryjewelry #pinterestpost #minimaljewelry #dailywearring #moderngold #yellowgemstonegoldrings,"yellow gemstone ring, yellow gold statement ring, colored gemstone jewelry, minimal gold ring, daily wear fine jewelry, yellow gemstone gold rings, soft ivory jewelry photo, Pinterest jewelry content",Yellow Gemstone Gold Rings,Yellow Gemstone Gold Rings
Whisk_0qwoymdolftyjrdotijnwiwllbjn00ynlrdotiz.png,A studio-style close-up of a close-up solitaire-style gold ring with a blue gemstone focus against a powder-blue studio backdrop.,Blue Gemstone Solitaire Ring Refined Diamond Accents Centered Portrait on Powder Blue,"Blue Gemstone Solitaire Ring Refined Diamond Accents Centered Portrait on Powder Blue places a solitaire-led silhouette in a centered portrait on a powder-blue studio backdrop, balancing blue gemstone contrast with refined diamond accents and polished yellow-gold styling. Use this pin for Blue Gemstone Gold Ring Sets when you want jewelry content that reads premium, save-worthy, and ready for bridal or luxury inspiration boards.",#bluegemstone #gemstonering #luxurycolor #goldjewelry #luxuryjewelry #pinterestpost #solitairering #bridalring #finejewelry #bluegemstonegoldringsets,"blue gemstone ring, blue gold ring, colored gemstone jewelry, solitaire engagement ring, bridal solitaire jewelry, blue gemstone gold ring sets, powder blue jewelry photo, Pinterest jewelry content",Blue Gemstone Gold Ring Sets,Blue Gemstone Gold Ring Sets
Whisk_1etoyqwyjztyyi2ntmtywiwlkvwy00cnwezntej.png,A studio-style close-up of a close-up solitaire-style gold ring with a blue gemstone focus against a deep midnight studio backdrop.,Blue Gemstone Solitaire Ring A Softly Sculpted Profile Centered Portrait on Midnight Slate,"Blue Gemstone Solitaire Ring A Softly Sculpted Profile Centered Portrait on Midnight Slate places a solitaire-led silhouette in a centered portrait on a deep midnight studio backdrop, balancing blue gemstone contrast with a softly sculpted profile and polished yellow-gold styling. Use this pin for Blue Gemstone Gold Ring Sets when you want jewelry content that reads premium, save-worthy, and ready for bridal or luxury inspiration boards.",#bluegemstone #gemstonering #luxurycolor #goldjewelry #luxuryjewelry #pinterestpost #solitairering #bridalring #finejewelry #bluegemstonegoldringsets,"blue gemstone ring, blue gold ring, colored gemstone jewelry, solitaire engagement ring, bridal solitaire jewelry, blue gemstone gold ring sets, midnight slate jewelry photo, Pinterest jewelry content",Blue Gemstone Gold Ring Sets,Blue Gemstone Gold Ring Sets
Whisk_1gdo3ctzzmjyxmwntgjm4ktlxmdn00cnlbzmtgt.png,A studio-style close-up of a layered gold ring stack with diamond-forward styling against a rosy clay backdrop.,Diamond Ring Stack A Curated Jewelry Stack Centered Portrait on Rose Clay,"Diamond Ring Stack A Curated Jewelry Stack Centered Portrait on Rose Clay places a layered stack with bridal energy in a centered portrait on a rosy clay backdrop, balancing diamond brilliance with a curated jewelry stack and polished yellow-gold styling. Use this pin for Diamond Rings when you want jewelry content that reads premium, save-worthy, and ready for bridal or luxury inspiration boards.",#diamondring #finejewelry #engagementring #goldjewelry #luxuryjewelry #pinterestpost #ringstack #bridalset #stackingrings #diamondrings,"diamond ring, clear stone ring, gold engagement ring, gold ring stack, bridal ring set, diamond rings, rose clay jewelry photo, Pinterest jewelry content",Diamond Rings,Diamond Rings
Whisk_1gzyhjjnwkty4qgztugz0ktlhv2m00sz1uzntud.png,A studio-style close-up of a close-up solitaire-style gold ring with diamond-forward styling against a warm taupe background.,Diamond Solitaire Ring Polished Gold Lines Centered Portrait on Warm Taupe,"Diamond Solitaire Ring Polished Gold Lines Centered Portrait on Warm Taupe places a solitaire-led silhouette in a centered portrait on a warm taupe background, balancing diamond brilliance with polished gold lines and polished yellow-gold styling. Use this pin for Diamond Rings when you want jewelry content that reads premium, save-worthy, and ready for bridal or luxury inspiration boards.",#diamondring #finejewelry #engagementring #goldjewelry #luxuryjewelry #pinterestpost #solitairering #bridalring #finejewelry #diamondrings,"diamond ring, clear stone ring, gold engagement ring, solitaire engagement ring, bridal solitaire jewelry, diamond rings, warm taupe jewelry photo, Pinterest jewelry content",Diamond Rings,Diamond Rings
Whisk_1itmmrdzxktn0ugmtcto0ewl3adz00cmxqdotkj.png,A studio-style close-up of a close-up solitaire-style gold ring with diamond-forward styling against a soft neutral studio background.,Diamond Solitaire Ring Refined Diamond Accents Centered Portrait on Studio Neutral,"Diamond Solitaire Ring Refined Diamond Accents Centered Portrait on Studio Neutral places a solitaire-led silhouette in a centered portrait on a soft neutral studio background, balancing diamond brilliance with refined diamond accents and polished yellow-gold styling. Use this pin for Diamond Rings when you want jewelry content that reads premium, save-worthy, and ready for bridal or luxury inspiration boards.",#diamondring #finejewelry #engagementring #goldjewelry #luxuryjewelry #pinterestpost #solitairering #bridalring #finejewelry #diamondrings,"diamond ring, clear stone ring, gold engagement ring, solitaire engagement ring, bridal solitaire jewelry, diamond rings, studio neutral jewelry photo, Pinterest jewelry content",Diamond Rings,Diamond Rings
Whisk_1kdzxijz0etzkvzntummygtlihzy00yn5kjytqw.png,A studio-style close-up of a close-up solitaire-style gold ring with diamond-forward styling against a warm taupe background.,Diamond Solitaire Ring A Softly Sculpted Profile Centered Portrait on Warm Taupe,"Diamond Solitaire Ring A Softly Sculpted Profile Centered Portrait on Warm Taupe places a solitaire-led silhouette in a centered portrait on a warm taupe background, balancing diamond brilliance with a softly sculpted profile and polished yellow-gold styling. Use this pin for Diamond Rings when you want jewelry content that reads premium, save-worthy, and ready for bridal or luxury inspiration boards.",#diamondring #finejewelry #engagementring #goldjewelry #luxuryjewelry #pinterestpost #solitairering #bridalring #finejewelry #diamondrings,"diamond ring, clear stone ring, gold engagement ring, solitaire engagement ring, bridal solitaire jewelry, diamond rings, warm taupe jewelry photo, Pinterest jewelry content",Diamond Rings,Diamond Rings
Whisk_1ktnyqjz3ajzzgtntymyziwl3ujn00syjvjmtit.png,A studio-style close-up of a close-up solitaire-style gold ring with a blue gemstone focus against a soft neutral studio background.,Blue Gemstone Solitaire Ring Bridal-Ready Sparkle Centered Portrait on Studio Neutral,"Blue Gemstone Solitaire Ring Bridal-Ready Sparkle Centered Portrait on Studio Neutral places a solitaire-led silhouette in a centered portrait on a soft neutral studio background, balancing blue gemstone contrast with bridal-ready sparkle and polished yellow-gold styling. Use this pin for Blue Gemstone Gold Ring Sets when you want jewelry content that reads premium, save-worthy, and ready for bridal or luxury inspiration boards.",#bluegemstone #gemstonering #luxurycolor #goldjewelry #luxuryjewelry #pinterestpost #solitairering #bridalring #finejewelry #bluegemstonegoldringsets,"blue gemstone ring, blue gold ring, colored gemstone jewelry, solitaire engagement ring, bridal solitaire jewelry, blue gemstone gold ring sets, studio neutral jewelry photo, Pinterest jewelry content",Blue Gemstone Gold Ring Sets,Blue Gemstone Gold Ring Sets
Whisk_1mmylnznidtojntntedzhhtl3yty00ym2e2ytqw.png,A studio-style close-up of a close-up solitaire-style gold ring with a blush-toned gemstone accent against a deep midnight studio backdrop.,Blush Solitaire Ring Polished Gold Lines Centered Portrait on Midnight Slate,"Blush Solitaire Ring Polished Gold Lines Centered Portrait on Midnight Slate places a solitaire-led silhouette in a centered portrait on a deep midnight studio backdrop, balancing a blush-toned gemstone mood with polished gold lines and polished yellow-gold styling. Use this pin for Three-stone blush ring set in gold when you want jewelry content that reads premium, save-worthy, and ready for bridal or luxury inspiration boards.",#blushring #romanticjewelry #bridalstyle #goldjewelry #luxuryjewelry #pinterestpost #solitairering #bridalring #finejewelry #threestoneblushringsetingold,"blush gemstone ring, pink gold ring, romantic bridal jewelry, solitaire engagement ring, bridal solitaire jewelry, three-stone blush ring set in gold, midnight slate jewelry photo, Pinterest jewelry content",Three-stone blush ring set in gold,Three-stone blush ring set in gold
Whisk_1q2yhntoxe2n2etntmmnygtl2adn00ymhljnti2.png,A studio-style close-up of a close-up solitaire-style gold ring with diamond-forward styling against a warm taupe background.,Diamond Solitaire Ring Refined Diamond Accents Centered Portrait on Warm Taupe,"Diamond Solitaire Ring Refined Diamond Accents Centered Portrait on Warm Taupe places a solitaire-led silhouette in a centered portrait on a warm taupe background, balancing diamond brilliance with refined diamond accents and polished yellow-gold styling. Use this pin for Diamond Rings when you want jewelry content that reads premium, save-worthy, and ready for bridal or luxury inspiration boards.",#diamondring #finejewelry #engagementring #goldjewelry #luxuryjewelry #pinterestpost #solitairering #bridalring #finejewelry #diamondrings,"diamond ring, clear stone ring, gold engagement ring, solitaire engagement ring, bridal solitaire jewelry, diamond rings, warm taupe jewelry photo, Pinterest jewelry content",Diamond Rings,Diamond Rings
Whisk_1qtnxqtz4ewmwyjntq2y5iwljntz00symjzntmd.png,A studio-style close-up of a close-up solitaire-style gold ring with a yellow gemstone highlight against a rosy clay backdrop.,Yellow Gemstone Solitaire Ring A Softly Sculpted Profile Centered Portrait on Rose Clay,"Yellow Gemstone Solitaire Ring A Softly Sculpted Profile Centered Portrait on Rose Clay places a solitaire-led silhouette in a centered portrait on a rosy clay backdrop, balancing yellow gemstone warmth with a softly sculpted profile and polished yellow-gold styling. Use this pin for Yellow Gemstone Gold Rings when you want jewelry content that reads premium, save-worthy, and ready for bridal or luxury inspiration boards.",#yellowgemstone #goldring #statementjewelry #goldjewelry #luxuryjewelry #pinterestpost #solitairering #bridalring #finejewelry #yellowgemstonegoldrings,"yellow gemstone ring, yellow gold statement ring, colored gemstone jewelry, solitaire engagement ring, bridal solitaire jewelry, yellow gemstone gold rings, rose clay jewelry photo, Pinterest jewelry content",Yellow Gemstone Gold Rings,Yellow Gemstone Gold Rings
Whisk_1udz3qznwmmn3ygztqjy1ewlwq2m00ymxy2ntqg.png,A studio-style close-up of a close-up solitaire-style gold ring with diamond-forward styling against a rosy clay backdrop.,Diamond Solitaire Ring Bridal-Ready Sparkle Centered Portrait on Rose Clay,"Diamond Solitaire Ring Bridal-Ready Sparkle Centered Portrait on Rose Clay places a solitaire-led silhouette in a centered portrait on a rosy clay backdrop, balancing diamond brilliance with bridal-ready sparkle and polished yellow-gold styling. Use this pin for Diamond Rings when you want jewelry content that reads premium, save-worthy, and ready for bridal or luxury inspiration boards.",#diamondring #finejewelry #engagementring #goldjewelry #luxuryjewelry #pinterestpost #solitairering #bridalring #finejewelry #diamondrings,"diamond ring, clear stone ring, gold engagement ring, solitaire engagement ring, bridal solitaire jewelry, diamond rings, rose clay jewelry photo, Pinterest jewelry content",Diamond Rings,Diamond Rings
Whisk_1utz0ytm0ctyhrwotgtmlltl3ato00sohrwytyz.png,A studio-style close-up of a close-up solitaire-style gold ring with diamond-forward styling against a warm taupe background.,Diamond Solitaire Ring Polished Gold Lines Centered Portrait on Warm Taupe,"Diamond Solitaire Ring Polished Gold Lines Centered Portrait on Warm Taupe places a solitaire-led silhouette in a centered portrait on a warm taupe background, balancing diamond brilliance with polished gold lines and polished yellow-gold styling. Use this pin for Diamond Rings when you want jewelry content that reads premium, save-worthy, and ready for bridal or luxury inspiration boards.",#diamondring #finejewelry #engagementring #goldjewelry #luxuryjewelry #pinterestpost #solitairering #bridalring #finejewelry #diamondrings,"diamond ring, clear stone ring, gold engagement ring, solitaire engagement ring, bridal solitaire jewelry, diamond rings, warm taupe jewelry photo, Pinterest jewelry content",Diamond Rings,Diamond Rings
Whisk_1uwozqwmhhjz3qzntqgnwewlmnjz00sokjtztym.png,A studio-style close-up of a close-up solitaire-style gold ring with a blue gemstone focus against a charcoal-grey editorial backdrop.,Blue Gemstone Solitaire Ring Refined Diamond Accents Centered Portrait on Charcoal Grey,"Blue Gemstone Solitaire Ring Refined Diamond Accents Centered Portrait on Charcoal Grey places a solitaire-led silhouette in a centered portrait on a charcoal-grey editorial backdrop, balancing blue gemstone contrast with refined diamond accents and polished yellow-gold styling. Use this pin for Blue Gemstone Gold Ring Sets when you want jewelry content that reads premium, save-worthy, and ready for bridal or luxury inspiration boards.",#bluegemstone #gemstonering #luxurycolor #goldjewelry #luxuryjewelry #pinterestpost #solitairering #bridalring #finejewelry #bluegemstonegoldringsets,"blue gemstone ring, blue gold ring, colored gemstone jewelry, solitaire engagement ring, bridal solitaire jewelry, blue gemstone gold ring sets, charcoal grey jewelry photo, Pinterest jewelry content",Blue Gemstone Gold Ring Sets,Blue Gemstone Gold Ring Sets
Whisk_2atz5imn2qtz5mzmtejnjltl1ymm00cz2mdotym.png,A studio-style close-up of a close-up solitaire-style gold ring with a yellow gemstone highlight against a rosy clay backdrop.,Yellow Gemstone Solitaire Ring A Softly Sculpted Profile Centered Portrait on Rose Clay,"Yellow Gemstone Solitaire Ring A Softly Sculpted Profile Centered Portrait on Rose Clay places a solitaire-led silhouette in a centered portrait on a rosy clay backdrop, balancing yellow gemstone warmth with a softly sculpted profile and polished yellow-gold styling. Use this pin for Yellow Gemstone Gold Rings when you want jewelry content that reads premium, save-worthy, and ready for bridal or luxury inspiration boards.",#yellowgemstone #goldring #statementjewelry #goldjewelry #luxuryjewelry #pinterestpost #solitairering #bridalring #finejewelry #yellowgemstonegoldrings,"yellow gemstone ring, yellow gold statement ring, colored gemstone jewelry, solitaire engagement ring, bridal solitaire jewelry, yellow gemstone gold rings, rose clay jewelry photo, Pinterest jewelry content",Yellow Gemstone Gold Rings,Yellow Gemstone Gold Rings
Whisk_2czy3imyinmzkdtytmznyiwl5kto00ymkdzytiz.png,A studio-style close-up of a close-up solitaire-style gold ring with diamond-forward styling against a charcoal-grey editorial backdrop.,Diamond Solitaire Ring Bridal-Ready Sparkle Centered Portrait on Charcoal Grey,"Diamond Solitaire Ring Bridal-Ready Sparkle Centered Portrait on Charcoal Grey places a solitaire-led silhouette in a centered portrait on a charcoal-grey editorial backdrop, balancing diamond brilliance with bridal-ready sparkle and polished yellow-gold styling. Use this pin for Diamond Rings when you want jewelry content that reads premium, save-worthy, and ready for bridal or luxury inspiration boards.",#diamondring #finejewelry #engagementring #goldjewelry #luxuryjewelry #pinterestpost #solitairering #bridalring #finejewelry #diamondrings,"diamond ring, clear stone ring, gold engagement ring, solitaire engagement ring, bridal solitaire jewelry, diamond rings, charcoal grey jewelry photo, Pinterest jewelry content",Diamond Rings,Diamond Rings
Whisk_2etn2ugohvgmjbjzti2mhhtl0ezn00sm5ytytmj.png,A studio-style close-up of a layered gold ring stack with diamond-forward styling against a rosy clay backdrop.,Diamond Ring Stack Layered Gold Bands Centered Portrait on Rose Clay,"Diamond Ring Stack Layered Gold Bands Centered Portrait on Rose Clay places a layered stack with bridal energy in a centered portrait on a rosy clay backdrop, balancing diamond brilliance with layered gold bands and polished yellow-gold styling. Use this pin for Diamond Rings when you want jewelry content that reads premium, save-worthy, and ready for bridal or luxury inspiration boards.",#diamondring #finejewelry #engagementring #goldjewelry #luxuryjewelry #pinterestpost #ringstack #bridalset #stackingrings #diamondrings,"diamond ring, clear stone ring, gold engagement ring, gold ring stack, bridal ring set, diamond rings, rose clay jewelry photo, Pinterest jewelry content",Diamond Rings,Diamond Rings
Whisk_2i2nhvwzmldz2mjytutzzktl5mjn00czkjdotym.png,A studio-style close-up of a close-up solitaire-style gold ring with a green gemstone center against a soft neutral studio background.,Green Gemstone Solitaire Ring Refined Diamond Accents Centered Portrait on Studio Neutral,"Green Gemstone Solitaire Ring Refined Diamond Accents Centered Portrait on Studio Neutral places a solitaire-led silhouette in a centered portrait on a soft neutral studio background, balancing green gemstone color with refined diamond accents and polished yellow-gold styling. Use this pin for Green Gemstone Gold Rings when you want jewelry content that reads premium, save-worthy, and ready for bridal or luxury inspiration boards.",#greengemstone #gemstonering #coloreddiamondlook #goldjewelry #luxuryjewelry #pinterestpost #solitairering #bridalring #finejewelry #greengemstonegoldrings,"green gemstone ring, green gold ring, colored gemstone jewelry, solitaire engagement ring, bridal solitaire jewelry, green gemstone gold rings, studio neutral jewelry photo, Pinterest jewelry content",Green Gemstone Gold Rings,Green Gemstone Gold Rings
Whisk_2mmm4utmizgzmrzmtq2y0iwlyqwz00sz1igntiw.png,A studio-style close-up of a layered gold ring stack with diamond-forward styling against a warm taupe background.,Diamond Ring Stack Mixed-Band Dimension Centered Portrait on Warm Taupe,"Diamond Ring Stack Mixed-Band Dimension Centered Portrait on Warm Taupe places a layered stack with bridal energy in a centered portrait on a warm taupe background, balancing diamond brilliance with mixed-band dimension and polished yellow-gold styling. Use this pin for Diamond Rings when you want jewelry content that reads premium, save-worthy, and ready for bridal or luxury inspiration boards.",#diamondring #finejewelry #engagementring #goldjewelry #luxuryjewelry #pinterestpost #ringstack #bridalset #stackingrings #diamondrings,"diamond ring, clear stone ring, gold engagement ring, gold ring stack, bridal ring set, diamond rings, warm taupe jewelry photo, Pinterest jewelry content",Diamond Rings,Diamond Rings
Whisk_2qdmzijn1ujyyegztumn5ewl1m2n00yn5mtztiw.png,A studio-style close-up of a close-up solitaire-style gold ring with diamond-forward styling against a warm taupe background.,Diamond Solitaire Ring Bridal-Ready Sparkle Centered Portrait on Warm Taupe,"Diamond Solitaire Ring Bridal-Ready Sparkle Centered Portrait on Warm Taupe places a solitaire-led silhouette in a centered portrait on a warm taupe background, balancing diamond brilliance with bridal-ready sparkle and polished yellow-gold styling. Use this pin for Diamond Rings when you want jewelry content that reads premium, save-worthy, and ready for bridal or luxury inspiration boards.",#diamondring #finejewelry #engagementring #goldjewelry #luxuryjewelry #pinterestpost #solitairering #bridalring #finejewelry #diamondrings,"diamond ring, clear stone ring, gold engagement ring, solitaire engagement ring, bridal solitaire jewelry, diamond rings, warm taupe jewelry photo, Pinterest jewelry content",Diamond Rings,Diamond Rings
Whisk_2qtyjdtn1kjnxegmte2mwktlxgdo00yn4ejytiw.png,A studio-style close-up of a close-up solitaire-style gold ring with diamond-forward styling against a deep midnight studio backdrop.,Diamond Solitaire Ring Polished Gold Lines Right-Framed Editorial on Midnight Slate,"Diamond Solitaire Ring Polished Gold Lines Right-Framed Editorial on Midnight Slate places a solitaire-led silhouette in a right-framed editorial on a deep midnight studio backdrop, balancing diamond brilliance with polished gold lines and polished yellow-gold styling. Use this pin for Diamond Rings when you want jewelry content that reads premium, save-worthy, and ready for bridal or luxury inspiration boards.",#diamondring #finejewelry #engagementring #goldjewelry #luxuryjewelry #pinterestpost #solitairering #bridalring #finejewelry #diamondrings,"diamond ring, clear stone ring, gold engagement ring, solitaire engagement ring, bridal solitaire jewelry, diamond rings, midnight slate jewelry photo, Pinterest jewelry content",Diamond Rings,Diamond Rings
Whisk_2uzykvjz1umzirzytqto4iwl0ezm00sn1ummtmd.png,A studio-style close-up of a close-up solitaire-style gold ring with a yellow gemstone highlight against a rosy clay backdrop.,Yellow Gemstone Solitaire Ring Refined Diamond Accents Centered Portrait on Rose Clay,"Yellow Gemstone Solitaire Ring Refined Diamond Accents Centered Portrait on Rose Clay places a solitaire-led silhouette in a centered portrait on a rosy clay backdrop, balancing yellow gemstone warmth with refined diamond accents and polished yellow-gold styling. Use this pin for Yellow Gemstone Gold Rings when you want jewelry content that reads premium, save-worthy, and ready for bridal or luxury inspiration boards.",#yellowgemstone #goldring #statementjewelry #goldjewelry #luxuryjewelry #pinterestpost #solitairering #bridalring #finejewelry #yellowgemstonegoldrings,"yellow gemstone ring, yellow gold statement ring, colored gemstone jewelry, solitaire engagement ring, bridal solitaire jewelry, yellow gemstone gold rings, rose clay jewelry photo, Pinterest jewelry content",Yellow Gemstone Gold Rings,Yellow Gemstone Gold Rings
Whisk_2ygmmvgz3egz3idztygmwewl4uwm00yn1utotct.png,A studio-style close-up of a close-up solitaire-style gold ring with diamond-forward styling against a rosy clay backdrop.,Diamond Solitaire Ring A Softly Sculpted Profile Centered Portrait on Rose Clay,"Diamond Solitaire Ring A Softly Sculpted Profile Centered Portrait on Rose Clay places a solitaire-led silhouette in a centered portrait on a rosy clay backdrop, balancing diamond brilliance with a softly sculpted profile and polished yellow-gold styling. Use this pin for Diamond Rings when you want jewelry content that reads premium, save-worthy, and ready for bridal or luxury inspiration boards.",#diamondring #finejewelry #engagementring #goldjewelry #luxuryjewelry #pinterestpost #solitairering #bridalring #finejewelry #diamondrings,"diamond ring, clear stone ring, gold engagement ring, solitaire engagement ring, bridal solitaire jewelry, diamond rings, rose clay jewelry photo, Pinterest jewelry content",Diamond Rings,Diamond Rings
Whisk_2ygz2ugolvdnjrjmtyjzziwl4i2m00yy5iwztqd.png,A studio-style close-up of a close-up solitaire-style gold ring with diamond-forward styling against a warm taupe background.,Diamond Solitaire Ring Bridal-Ready Sparkle Centered Portrait on Warm Taupe,"Diamond Solitaire Ring Bridal-Ready Sparkle Centered Portrait on Warm Taupe places a solitaire-led silhouette in a centered portrait on a warm taupe background, balancing diamond brilliance with bridal-ready sparkle and polished yellow-gold styling. Use this pin for Diamond Rings when you want jewelry content that reads premium, save-worthy, and ready for bridal or luxury inspiration boards.",#diamondring #finejewelry #engagementring #goldjewelry #luxuryjewelry #pinterestpost #solitairering #bridalring #finejewelry #diamondrings,"diamond ring, clear stone ring, gold engagement ring, solitaire engagement ring, bridal solitaire jewelry, diamond rings, warm taupe jewelry photo, Pinterest jewelry content",Diamond Rings,Diamond Rings
Whisk_2yjm2ygn0uzn1qwmtmgo2gtllztn00ynmhjntat.png,A studio-style close-up of a close-up solitaire-style gold ring with a blue gemstone focus against a charcoal-grey editorial backdrop.,Blue Gemstone Solitaire Ring Polished Gold Lines Centered Portrait on Charcoal Grey,"Blue Gemstone Solitaire Ring Polished Gold Lines Centered Portrait on Charcoal Grey places a solitaire-led silhouette in a centered portrait on a charcoal-grey editorial backdrop, balancing blue gemstone contrast with polished gold lines and polished yellow-gold styling. Use this pin for Blue Gemstone Gold Ring Sets when you want jewelry content that reads premium, save-worthy, and ready for bridal or luxury inspiration boards.",#bluegemstone #gemstonering #luxurycolor #goldjewelry #luxuryjewelry #pinterestpost #solitairering #bridalring #finejewelry #bluegemstonegoldringsets,"blue gemstone ring, blue gold ring, colored gemstone jewelry, solitaire engagement ring, bridal solitaire jewelry, blue gemstone gold ring sets, charcoal grey jewelry photo, Pinterest jewelry content",Blue Gemstone Gold Ring Sets,Blue Gemstone Gold Ring Sets
Whisk_2yzy1cjmmzdmxqjytedzxgtl3iwm00snjrtytud.png,A studio-style close-up of a close-up solitaire-style gold ring with a blue gemstone focus against a powder-blue studio backdrop.,Blue Gemstone Solitaire Ring Refined Diamond Accents Floating Studio Detail on Powder Blue,"Blue Gemstone Solitaire Ring Refined Diamond Accents Floating Studio Detail on Powder Blue places a solitaire-led silhouette in a floating studio detail on a powder-blue studio backdrop, balancing blue gemstone contrast with refined diamond accents and polished yellow-gold styling. Use this pin for Blue Gemstone Gold Ring Sets when you want jewelry content that reads premium, save-worthy, and ready for bridal or luxury inspiration boards.",#bluegemstone #gemstonering #luxurycolor #goldjewelry #luxuryjewelry #pinterestpost #solitairering #bridalring #finejewelry #bluegemstonegoldringsets,"blue gemstone ring, blue gold ring, colored gemstone jewelry, solitaire engagement ring, bridal solitaire jewelry, blue gemstone gold ring sets, powder blue jewelry photo, Pinterest jewelry content",Blue Gemstone Gold Ring Sets,Blue Gemstone Gold Ring Sets
Whisk_3ajz2utyhntylrgnti2m0gtlyywo00inmn2ntaj.png,A studio-style close-up of a close-up solitaire-style gold ring with diamond-forward styling against a rosy clay backdrop.,Diamond Solitaire Ring A Softly Sculpted Profile Centered Portrait on Rose Clay,"Diamond Solitaire Ring A Softly Sculpted Profile Centered Portrait on Rose Clay places a solitaire-led silhouette in a centered portrait on a rosy clay backdrop, balancing diamond brilliance with a softly sculpted profile and polished yellow-gold styling. Use this pin for Diamond Rings when you want jewelry content that reads premium, save-worthy, and ready for bridal or luxury inspiration boards.",#diamondring #finejewelry #engagementring #goldjewelry #luxuryjewelry #pinterestpost #solitairering #bridalring #finejewelry #diamondrings,"diamond ring, clear stone ring, gold engagement ring, solitaire engagement ring, bridal solitaire jewelry, diamond rings, rose clay jewelry photo, Pinterest jewelry content",Diamond Rings,Diamond Rings
Whisk_3cjn3kdohjdokvwytido0gtl5kdm00cmxywytuj.png,A studio-style close-up of a close-up solitaire-style gold ring with diamond-forward styling against a soft neutral studio background.,Diamond Solitaire Ring Bridal-Ready Sparkle Centered Portrait on Studio Neutral,"Diamond Solitaire Ring Bridal-Ready Sparkle Centered Portrait on Studio Neutral places a solitaire-led silhouette in a centered portrait on a soft neutral studio background, balancing diamond brilliance with bridal-ready sparkle and polished yellow-gold styling. Use this pin for Diamond Rings when you want jewelry content that reads premium, save-worthy, and ready for bridal or luxury inspiration boards.",#diamondring #finejewelry #engagementring #goldjewelry #luxuryjewelry #pinterestpost #solitairering #bridalring #finejewelry #diamondrings,"diamond ring, clear stone ring, gold engagement ring, solitaire engagement ring, bridal solitaire jewelry, diamond rings, studio neutral jewelry photo, Pinterest jewelry content",Diamond Rings,Diamond Rings
Whisk_3cjzlhtn4kjz5ctotkdz2gtlwety00yn1azytyw.png,A studio-style close-up of a close-up solitaire-style gold ring with diamond-forward styling against a warm taupe background.,Diamond Solitaire Ring Polished Gold Lines Centered Portrait on Warm Taupe,"Diamond Solitaire Ring Polished Gold Lines Centered Portrait on Warm Taupe places a solitaire-led silhouette in a centered portrait on a warm taupe background, balancing diamond brilliance with polished gold lines and polished yellow-gold styling. Use this pin for Diamond Rings when you want jewelry content that reads premium, save-worthy, and ready for bridal or luxury inspiration boards.",#diamondring #finejewelry #engagementring #goldjewelry #luxuryjewelry #pinterestpost #solitairering #bridalring #finejewelry #diamondrings,"diamond ring, clear stone ring, gold engagement ring, solitaire engagement ring, bridal solitaire jewelry, diamond rings, warm taupe jewelry photo, Pinterest jewelry content",Diamond Rings,Diamond Rings
Whisk_3czykhtymnty4mmntmmy5iwlmnwz00so4qgntmw.png,A studio-style close-up of a close-up solitaire-style gold ring with diamond-forward styling against a rosy clay backdrop.,Diamond Solitaire Ring Refined Diamond Accents Centered Portrait on Rose Clay,"Diamond Solitaire Ring Refined Diamond Accents Centered Portrait on Rose Clay places a solitaire-led silhouette in a centered portrait on a rosy clay backdrop, balancing diamond brilliance with refined diamond accents and polished yellow-gold styling. Use this pin for Diamond Rings when you want jewelry content that reads premium, save-worthy, and ready for bridal or luxury inspiration boards.",#diamondring #finejewelry #engagementring #goldjewelry #luxuryjewelry #pinterestpost #solitairering #bridalring #finejewelry #diamondrings,"diamond ring, clear stone ring, gold engagement ring, solitaire engagement ring, bridal solitaire jewelry, diamond rings, rose clay jewelry photo, Pinterest jewelry content",Diamond Rings,Diamond Rings
Whisk_3egohnzm4qdz4qjntidm3ewlinwn00comdtotkz.png,A studio-style close-up of a close-up solitaire-style gold ring with diamond-forward styling against a deep midnight studio backdrop.,Diamond Solitaire Ring A Softly Sculpted Profile Centered Portrait on Midnight Slate,"Diamond Solitaire Ring A Softly Sculpted Profile Centered Portrait on Midnight Slate places a solitaire-led silhouette in a centered portrait on a deep midnight studio backdrop, balancing diamond brilliance with a softly sculpted profile and polished yellow-gold styling. Use this pin for Diamond Rings when you want jewelry content that reads premium, save-worthy, and ready for bridal or luxury inspiration boards.",#diamondring #finejewelry #engagementring #goldjewelry #luxuryjewelry #pinterestpost #solitairering #bridalring #finejewelry #diamondrings,"diamond ring, clear stone ring, gold engagement ring, solitaire engagement ring, bridal solitaire jewelry, diamond rings, midnight slate jewelry photo, Pinterest jewelry content",Diamond Rings,Diamond Rings
Whisk_3gzywctm1gjm0ijztqtmhltlzimz00co0ctntqj.png,A studio-style close-up of a close-up solitaire-style gold ring with a blush-toned gemstone accent against a soft neutral studio background.,Blush Solitaire Ring Bridal-Ready Sparkle Centered Portrait on Studio Neutral,"Blush Solitaire Ring Bridal-Ready Sparkle Centered Portrait on Studio Neutral places a solitaire-led silhouette in a centered portrait on a soft neutral studio background, balancing a blush-toned gemstone mood with bridal-ready sparkle and polished yellow-gold styling. Use this pin for Three-stone blush ring set in gold when you want jewelry content that reads premium, save-worthy, and ready for bridal or luxury inspiration boards.",#blushring #romanticjewelry #bridalstyle #goldjewelry #luxuryjewelry #pinterestpost #solitairering #bridalring #finejewelry #threestoneblushringsetingold,"blush gemstone ring, pink gold ring, romantic bridal jewelry, solitaire engagement ring, bridal solitaire jewelry, three-stone blush ring set in gold, studio neutral jewelry photo, Pinterest jewelry content",Three-stone blush ring set in gold,Three-stone blush ring set in gold
Whisk_3m2n2gjm3qwmzkzytidozgtlknwm00so5edztmt.png,A studio-style close-up of a close-up solitaire-style gold ring with diamond-forward styling against a rosy clay backdrop.,Diamond Solitaire Ring Polished Gold Lines Centered Portrait on Rose Clay,"Diamond Solitaire Ring Polished Gold Lines Centered Portrait on Rose Clay places a solitaire-led silhouette in a centered portrait on a rosy clay backdrop, balancing diamond brilliance with polished gold lines and polished yellow-gold styling. Use this pin for Diamond Rings when you want jewelry content that reads premium, save-worthy, and ready for bridal or luxury inspiration boards.",#diamondring #finejewelry #engagementring #goldjewelry #luxuryjewelry #pinterestpost #solitairering #bridalring #finejewelry #diamondrings,"diamond ring, clear stone ring, gold engagement ring, solitaire engagement ring, bridal solitaire jewelry, diamond rings, rose clay jewelry photo, Pinterest jewelry content",Diamond Rings,Diamond Rings
Whisk_3mgnxygm3imyxctztiwoziwlzuzy00cz0ezntej.png,A studio-style close-up of a close-up solitaire-style gold ring with a blush-toned gemstone accent against a soft neutral studio background.,Blush Solitaire Ring Refined Diamond Accents Centered Portrait on Studio Neutral,"Blush Solitaire Ring Refined Diamond Accents Centered Portrait on Studio Neutral places a solitaire-led silhouette in a centered portrait on a soft neutral studio background, balancing a blush-toned gemstone mood with refined diamond accents and polished yellow-gold styling. Use this pin for Modern Halo and Solitaire Rings when you want jewelry content that reads premium, save-worthy, and ready for bridal or luxury inspiration boards.",#blushring #romanticjewelry #bridalstyle #goldjewelry #luxuryjewelry #pinterestpost #solitairering #bridalring #finejewelry #modernhaloandsolitairerings,"blush gemstone ring, pink gold ring, romantic bridal jewelry, solitaire engagement ring, bridal solitaire jewelry, modern halo and solitaire rings, studio neutral jewelry photo, Pinterest jewelry content",Modern Halo and Solitaire Rings,Modern Halo and Solitaire Rings
Whisk_3qdzzmdm0gznidzntywowiwlxi2m00ynlrwztej.png,A studio-style close-up of a close-up solitaire-style gold ring with a green gemstone center against a soft neutral studio background.,Green Gemstone Solitaire Ring A Softly Sculpted Profile Floating Studio Detail on Studio Neutral,"Green Gemstone Solitaire Ring A Softly Sculpted Profile Floating Studio Detail on Studio Neutral places a solitaire-led silhouette in a floating studio detail on a soft neutral studio background, balancing green gemstone color with a softly sculpted profile and polished yellow-gold styling. Use this pin for Green Gemstone Gold Rings when you want jewelry content that reads premium, save-worthy, and ready for bridal or luxury inspiration boards.",#greengemstone #gemstonering #coloreddiamondlook #goldjewelry #luxuryjewelry #pinterestpost #solitairering #bridalring #finejewelry #greengemstonegoldrings,"green gemstone ring, green gold ring, colored gemstone jewelry, solitaire engagement ring, bridal solitaire jewelry, green gemstone gold rings, studio neutral jewelry photo, Pinterest jewelry content",Green Gemstone Gold Rings,Green Gemstone Gold Rings
Whisk_3qtozgjyyqwo2umntgdzwiwlhjwm00iy4qgztqt.png,A studio-style close-up of a close-up solitaire-style gold ring with a blue gemstone focus against a charcoal-grey editorial backdrop.,Blue Gemstone Solitaire Ring Bridal-Ready Sparkle Centered Portrait on Charcoal Grey,"Blue Gemstone Solitaire Ring Bridal-Ready Sparkle Centered Portrait on Charcoal Grey places a solitaire-led silhouette in a centered portrait on a charcoal-grey editorial backdrop, balancing blue gemstone contrast with bridal-ready sparkle and polished yellow-gold styling. Use this pin for Blue Gemstone Gold Ring Sets when you want jewelry content that reads premium, save-worthy, and ready for bridal or luxury inspiration boards.",#bluegemstone #gemstonering #luxurycolor #goldjewelry #luxuryjewelry #pinterestpost #solitairering #bridalring #finejewelry #bluegemstonegoldringsets,"blue gemstone ring, blue gold ring, colored gemstone jewelry, solitaire engagement ring, bridal solitaire jewelry, blue gemstone gold ring sets, charcoal grey jewelry photo, Pinterest jewelry content",Blue Gemstone Gold Ring Sets,Blue Gemstone Gold Ring Sets
Whisk_3udo2iwm4yjzmvmmtewy2iwljzwz00snwutmtat.png,A studio-style close-up of a close-up solitaire-style gold ring with a blue gemstone focus against a powder-blue studio backdrop.,Blue Gemstone Solitaire Ring Polished Gold Lines Floating Studio Detail on Powder Blue,"Blue Gemstone Solitaire Ring Polished Gold Lines Floating Studio Detail on Powder Blue places a solitaire-led silhouette in a floating studio detail on a powder-blue studio backdrop, balancing blue gemstone contrast with polished gold lines and polished yellow-gold styling. Use this pin for Blue Gemstone Gold Ring Sets when you want jewelry content that reads premium, save-worthy, and ready for bridal or luxury inspiration boards.",#bluegemstone #gemstonering #luxurycolor #goldjewelry #luxuryjewelry #pinterestpost #solitairering #bridalring #finejewelry #bluegemstonegoldringsets,"blue gemstone ring, blue gold ring, colored gemstone jewelry, solitaire engagement ring, bridal solitaire jewelry, blue gemstone gold ring sets, powder blue jewelry photo, Pinterest jewelry content",Blue Gemstone Gold Ring Sets,Blue Gemstone Gold Ring Sets
Whisk_3yjzwgto2adzhz2mtgjy3ktlkvzy00yy0ugntkt.png,A studio-style close-up of a close-up solitaire-style gold ring with diamond-forward styling against a warm taupe background.,Diamond Solitaire Ring Refined Diamond Accents Centered Portrait on Warm Taupe,"Diamond Solitaire Ring Refined Diamond Accents Centered Portrait on Warm Taupe places a solitaire-led silhouette in a centered portrait on a warm taupe background, balancing diamond brilliance with refined diamond accents and polished yellow-gold styling. Use this pin for Diamond Rings when you want jewelry content that reads premium, save-worthy, and ready for bridal or luxury inspiration boards.",#diamondring #finejewelry #engagementring #goldjewelry #luxuryjewelry #pinterestpost #solitairering #bridalring #finejewelry #diamondrings,"diamond ring, clear stone ring, gold engagement ring, solitaire engagement ring, bridal solitaire jewelry, diamond rings, warm taupe jewelry photo, Pinterest jewelry content",Diamond Rings,Diamond Rings
Whisk_4adoxugzxqdzjvtotcjy4gtlxijn00cnmbtztij.png,A studio-style close-up of a close-up solitaire-style gold ring with a yellow gemstone highlight against a rosy clay backdrop.,Yellow Gemstone Solitaire Ring A Softly Sculpted Profile Centered Portrait on Rose Clay,"Yellow Gemstone Solitaire Ring A Softly Sculpted Profile Centered Portrait on Rose Clay places a solitaire-led silhouette in a centered portrait on a rosy clay backdrop, balancing yellow gemstone warmth with a softly sculpted profile and polished yellow-gold styling. Use this pin for Yellow Gemstone Gold Rings when you want jewelry content that reads premium, save-worthy, and ready for bridal or luxury inspiration boards.",#yellowgemstone #goldring #statementjewelry #goldjewelry #luxuryjewelry #pinterestpost #solitairering #bridalring #finejewelry #yellowgemstonegoldrings,"yellow gemstone ring, yellow gold statement ring, colored gemstone jewelry, solitaire engagement ring, bridal solitaire jewelry, yellow gemstone gold rings, rose clay jewelry photo, Pinterest jewelry content",Yellow Gemstone Gold Rings,Yellow Gemstone Gold Rings
Whisk_4ajyhrjmlhzm2ktytemz0gtl2uty00iy0udntmd.png,A studio-style close-up of a layered gold ring stack with diamond-forward styling against a rosy clay backdrop.,Diamond Ring Stack A Curated Jewelry Stack Centered Portrait on Rose Clay,"Diamond Ring Stack A Curated Jewelry Stack Centered Portrait on Rose Clay places a layered stack with bridal energy in a centered portrait on a rosy clay backdrop, balancing diamond brilliance with a curated jewelry stack and polished yellow-gold styling. Use this pin for Diamond Rings when you want jewelry content that reads premium, save-worthy, and ready for bridal or luxury inspiration boards.",#diamondring #finejewelry #engagementring #goldjewelry #luxuryjewelry #pinterestpost #ringstack #bridalset #stackingrings #diamondrings,"diamond ring, clear stone ring, gold engagement ring, gold ring stack, bridal ring set, diamond rings, rose clay jewelry photo, Pinterest jewelry content",Diamond Rings,Diamond Rings
Whisk_4atzhndzlvdnlldntazmwiwlwujm00czmvtztuj.png,A studio-style close-up of a close-up solitaire-style gold ring with diamond-forward styling against a warm taupe background.,Diamond Solitaire Ring Polished Gold Lines Centered Portrait on Warm Taupe,"Diamond Solitaire Ring Polished Gold Lines Centered Portrait on Warm Taupe places a solitaire-led silhouette in a centered portrait on a warm taupe background, balancing diamond brilliance with polished gold lines and polished yellow-gold styling. Use this pin for Diamond Rings when you want jewelry content that reads premium, save-worthy, and ready for bridal or luxury inspiration boards.",#diamondring #finejewelry #engagementring #goldjewelry #luxuryjewelry #pinterestpost #solitairering #bridalring #finejewelry #diamondrings,"diamond ring, clear stone ring, gold engagement ring, solitaire engagement ring, bridal solitaire jewelry, diamond rings, warm taupe jewelry photo, Pinterest jewelry content",Diamond Rings,Diamond Rings
Whisk_4atzmjjz1atnindotedoifwl1ijm00sowigoteg.png,A studio-style close-up of a layered gold ring stack with diamond-forward styling against a rosy clay backdrop.,Diamond Ring Stack Stacked Bridal Shine Centered Portrait on Rose Clay,"Diamond Ring Stack Stacked Bridal Shine Centered Portrait on Rose Clay places a layered stack with bridal energy in a centered portrait on a rosy clay backdrop, balancing diamond brilliance with stacked bridal shine and polished yellow-gold styling. Use this pin for Diamond Rings when you want jewelry content that reads premium, save-worthy, and ready for bridal or luxury inspiration boards.",#diamondring #finejewelry #engagementring #goldjewelry #luxuryjewelry #pinterestpost #ringstack #bridalset #stackingrings #diamondrings,"diamond ring, clear stone ring, gold engagement ring, gold ring stack, bridal ring set, diamond rings, rose clay jewelry photo, Pinterest jewelry content",Diamond Rings,Diamond Rings
Whisk_4cdmwadm4m2y2mgmtitmzgtljnmm00izyczmtej.png,A studio-style close-up of a close-up solitaire-style gold ring with diamond-forward styling against a rosy clay backdrop.,Diamond Solitaire Ring A Softly Sculpted Profile Centered Portrait on Rose Clay,"Diamond Solitaire Ring A Softly Sculpted Profile Centered Portrait on Rose Clay places a solitaire-led silhouette in a centered portrait on a rosy clay backdrop, balancing diamond brilliance with a softly sculpted profile and polished yellow-gold styling. Use this pin for Diamond Rings when you want jewelry content that reads premium, save-worthy, and ready for bridal or luxury inspiration boards.",#diamondring #finejewelry #engagementring #goldjewelry #luxuryjewelry #pinterestpost #solitairering #bridalring #finejewelry #diamondrings,"diamond ring, clear stone ring, gold engagement ring, solitaire engagement ring, bridal solitaire jewelry, diamond rings, rose clay jewelry photo, Pinterest jewelry content",Diamond Rings,Diamond Rings
Whisk_4cjm2itz0qwo5iwytujnhfwl3mwn00co1ymmtgj.png,A studio-style close-up of a close-up solitaire-style gold ring with diamond-forward styling against a rosy clay backdrop.,Diamond Solitaire Ring Bridal-Ready Sparkle Centered Portrait on Rose Clay,"Diamond Solitaire Ring Bridal-Ready Sparkle Centered Portrait on Rose Clay places a solitaire-led silhouette in a centered portrait on a rosy clay backdrop, balancing diamond brilliance with bridal-ready sparkle and polished yellow-gold styling. Use this pin for Diamond Rings when you want jewelry content that reads premium, save-worthy, and ready for bridal or luxury inspiration boards.",#diamondring #finejewelry #engagementring #goldjewelry #luxuryjewelry #pinterestpost #solitairering #bridalring #finejewelry #diamondrings,"diamond ring, clear stone ring, gold engagement ring, solitaire engagement ring, bridal solitaire jewelry, diamond rings, rose clay jewelry photo, Pinterest jewelry content",Diamond Rings,Diamond Rings
Whisk_4e2mmzwozuwo3ygmtqznzgtlwejn00smldjztyd.png,A studio-style close-up of a close-up solitaire-style gold ring with a blush-toned gemstone accent against a soft neutral studio background.,Blush Solitaire Ring Polished Gold Lines Centered Portrait on Studio Neutral,"Blush Solitaire Ring Polished Gold Lines Centered Portrait on Studio Neutral places a solitaire-led silhouette in a centered portrait on a soft neutral studio background, balancing a blush-toned gemstone mood with polished gold lines and polished yellow-gold styling. Use this pin for Three-stone blush ring set in gold when you want jewelry content that reads premium, save-worthy, and ready for bridal or luxury inspiration boards.",#blushring #romanticjewelry #bridalstyle #goldjewelry #luxuryjewelry #pinterestpost #solitairering #bridalring #finejewelry #threestoneblushringsetingold,"blush gemstone ring, pink gold ring, romantic bridal jewelry, solitaire engagement ring, bridal solitaire jewelry, three-stone blush ring set in gold, studio neutral jewelry photo, Pinterest jewelry content",Three-stone blush ring set in gold,Three-stone blush ring set in gold
Whisk_4edm4ugoxgtn2ewytqjm0gtlkdto00iz5y2ntyg.png,A studio-style close-up of a close-up solitaire-style gold ring with a yellow gemstone highlight against a rosy clay backdrop.,Yellow Gemstone Solitaire Ring Refined Diamond Accents Centered Portrait on Rose Clay,"Yellow Gemstone Solitaire Ring Refined Diamond Accents Centered Portrait on Rose Clay places a solitaire-led silhouette in a centered portrait on a rosy clay backdrop, balancing yellow gemstone warmth with refined diamond accents and polished yellow-gold styling. Use this pin for Yellow Gemstone Gold Rings when you want jewelry content that reads premium, save-worthy, and ready for bridal or luxury inspiration boards.",#yellowgemstone #goldring #statementjewelry #goldjewelry #luxuryjewelry #pinterestpost #solitairering #bridalring #finejewelry #yellowgemstonegoldrings,"yellow gemstone ring, yellow gold statement ring, colored gemstone jewelry, solitaire engagement ring, bridal solitaire jewelry, yellow gemstone gold rings, rose clay jewelry photo, Pinterest jewelry content",Yellow Gemstone Gold Rings,Yellow Gemstone Gold Rings
Whisk_4i2y1mzmhfmy1mdmtigmmjwl5adm00ynzqmztet.png,A studio-style close-up of a layered gold ring stack with a yellow gemstone highlight against a deep midnight studio backdrop.,Yellow Gemstone Gold Stack Mixed-Band Dimension Centered Portrait on Midnight Slate,"Yellow Gemstone Gold Stack Mixed-Band Dimension Centered Portrait on Midnight Slate places a layered stack with bridal energy in a centered portrait on a deep midnight studio backdrop, balancing yellow gemstone warmth with mixed-band dimension and polished yellow-gold styling. Use this pin for Yellow Gemstone Gold Rings when you want jewelry content that reads premium, save-worthy, and ready for bridal or luxury inspiration boards.",#yellowgemstone #goldring #statementjewelry #goldjewelry #luxuryjewelry #pinterestpost #ringstack #bridalset #stackingrings #yellowgemstonegoldrings,"yellow gemstone ring, yellow gold statement ring, colored gemstone jewelry, gold ring stack, bridal ring set, yellow gemstone gold rings, midnight slate jewelry photo, Pinterest jewelry content",Yellow Gemstone Gold Rings,Yellow Gemstone Gold Rings
Whisk_4mdz3ejyxgjy2egmtajy2gtllrto00iy1kjntyj.png,A studio-style close-up of a close-up solitaire-style gold ring with diamond-forward styling against a rosy clay backdrop.,Diamond Solitaire Ring Bridal-Ready Sparkle Centered Portrait on Rose Clay,"Diamond Solitaire Ring Bridal-Ready Sparkle Centered Portrait on Rose Clay places a solitaire-led silhouette in a centered portrait on a rosy clay backdrop, balancing diamond brilliance with bridal-ready sparkle and polished yellow-gold styling. Use this pin for Diamond Rings when you want jewelry content that reads premium, save-worthy, and ready for bridal or luxury inspiration boards.",#diamondring #finejewelry #engagementring #goldjewelry #luxuryjewelry #pinterestpost #solitairering #bridalring #finejewelry #diamondrings,"diamond ring, clear stone ring, gold engagement ring, solitaire engagement ring, bridal solitaire jewelry, diamond rings, rose clay jewelry photo, Pinterest jewelry content",Diamond Rings,Diamond Rings
Whisk_4mty2ajzwatn2etytqtyljwlkjwn00im2e2ntyz.png,A studio-style close-up of a close-up solitaire-style gold ring with a blue gemstone focus against a soft neutral studio background.,Blue Gemstone Solitaire Ring Polished Gold Lines Centered Portrait on Studio Neutral,"Blue Gemstone Solitaire Ring Polished Gold Lines Centered Portrait on Studio Neutral places a solitaire-led silhouette in a centered portrait on a soft neutral studio background, balancing blue gemstone contrast with polished gold lines and polished yellow-gold styling. Use this pin for Blue Gemstone Gold Ring Sets when you want jewelry content that reads premium, save-worthy, and ready for bridal or luxury inspiration boards.",#bluegemstone #gemstonering #luxurycolor #goldjewelry #luxuryjewelry #pinterestpost #solitairering #bridalring #finejewelry #bluegemstonegoldringsets,"blue gemstone ring, blue gold ring, colored gemstone jewelry, solitaire engagement ring, bridal solitaire jewelry, blue gemstone gold ring sets, studio neutral jewelry photo, Pinterest jewelry content",Blue Gemstone Gold Ring Sets,Blue Gemstone Gold Ring Sets
Whisk_4q2m1qjmivjzmbzntmmz4ktl5ujz00co4utmtct (1).png,A studio-style close-up of a close-up solitaire-style gold ring with diamond-forward styling against a rosy clay backdrop.,Diamond Solitaire Ring Refined Diamond Accents Floating Studio Detail on Rose Clay,"Diamond Solitaire Ring Refined Diamond Accents Floating Studio Detail on Rose Clay places a solitaire-led silhouette in a floating studio detail on a rosy clay backdrop, balancing diamond brilliance with refined diamond accents and polished yellow-gold styling. Use this pin for Diamond Rings when you want jewelry content that reads premium, save-worthy, and ready for bridal or luxury inspiration boards.",#diamondring #finejewelry #engagementring #goldjewelry #luxuryjewelry #pinterestpost #solitairering #bridalring #finejewelry #diamondrings,"diamond ring, clear stone ring, gold engagement ring, solitaire engagement ring, bridal solitaire jewelry, diamond rings, rose clay jewelry photo, Pinterest jewelry content",Diamond Rings,Diamond Rings
Whisk_4q2m1qjmivjzmbzntmmz4ktl5ujz00co4utmtct.png,A studio-style close-up of a close-up solitaire-style gold ring with diamond-forward styling against a rosy clay backdrop.,Diamond Solitaire Ring A Softly Sculpted Profile Floating Studio Detail on Rose Clay,"Diamond Solitaire Ring A Softly Sculpted Profile Floating Studio Detail on Rose Clay places a solitaire-led silhouette in a floating studio detail on a rosy clay backdrop, balancing diamond brilliance with a softly sculpted profile and polished yellow-gold styling. Use this pin for Diamond Rings when you want jewelry content that reads premium, save-worthy, and ready for bridal or luxury inspiration boards.",#diamondring #finejewelry #engagementring #goldjewelry #luxuryjewelry #pinterestpost #solitairering #bridalring #finejewelry #diamondrings,"diamond ring, clear stone ring, gold engagement ring, solitaire engagement ring, bridal solitaire jewelry, diamond rings, rose clay jewelry photo, Pinterest jewelry content",Diamond Rings,Diamond Rings
Whisk_5e2mhhtokbtzhltntewymhtllvwm00yn3ydotgd.png,A studio-style close-up of a close-up solitaire-style gold ring with diamond-forward styling against a rosy clay backdrop.,Diamond Solitaire Ring Bridal-Ready Sparkle Centered Portrait on Rose Clay,"Diamond Solitaire Ring Bridal-Ready Sparkle Centered Portrait on Rose Clay places a solitaire-led silhouette in a centered portrait on a rosy clay backdrop, balancing diamond brilliance with bridal-ready sparkle and polished yellow-gold styling. Use this pin for Diamond Rings when you want jewelry content that reads premium, save-worthy, and ready for bridal or luxury inspiration boards.",#diamondring #finejewelry #engagementring #goldjewelry #luxuryjewelry #pinterestpost #solitairering #bridalring #finejewelry #diamondrings,"diamond ring, clear stone ring, gold engagement ring, solitaire engagement ring, bridal solitaire jewelry, diamond rings, rose clay jewelry photo, Pinterest jewelry content",Diamond Rings,Diamond Rings
Whisk_5edzkn2mhljnlvmytmwz5ktl3cty00szhfjntmd.png,A studio-style close-up of a close-up solitaire-style gold ring with diamond-forward styling against a warm taupe background.,Diamond Solitaire Ring Polished Gold Lines Centered Portrait on Warm Taupe,"Diamond Solitaire Ring Polished Gold Lines Centered Portrait on Warm Taupe places a solitaire-led silhouette in a centered portrait on a warm taupe background, balancing diamond brilliance with polished gold lines and polished yellow-gold styling. Use this pin for Diamond Rings when you want jewelry content that reads premium, save-worthy, and ready for bridal or luxury inspiration boards.",#diamondring #finejewelry #engagementring #goldjewelry #luxuryjewelry #pinterestpost #solitairering #bridalring #finejewelry #diamondrings,"diamond ring, clear stone ring, gold engagement ring, solitaire engagement ring, bridal solitaire jewelry, diamond rings, warm taupe jewelry photo, Pinterest jewelry content",Diamond Rings,Diamond Rings
Whisk_5gtymrgzzu2mifzntutyxktl1czy00snmnwztuj.png,A studio-style close-up of a close-up solitaire-style gold ring with diamond-forward styling against a warm taupe background.,Diamond Solitaire Ring Refined Diamond Accents Centered Portrait on Warm Taupe,"Diamond Solitaire Ring Refined Diamond Accents Centered Portrait on Warm Taupe places a solitaire-led silhouette in a centered portrait on a warm taupe background, balancing diamond brilliance with refined diamond accents and polished yellow-gold styling. Use this pin for Diamond Rings when you want jewelry content that reads premium, save-worthy, and ready for bridal or luxury inspiration boards.",#diamondring #finejewelry #engagementring #goldjewelry #luxuryjewelry #pinterestpost #solitairering #bridalring #finejewelry #diamondrings,"diamond ring, clear stone ring, gold engagement ring, solitaire engagement ring, bridal solitaire jewelry, diamond rings, warm taupe jewelry photo, Pinterest jewelry content",Diamond Rings,Diamond Rings
Whisk_5igz5ewz1yjy4e2mtmwo1gtlzijz00yymztotm2.png,A studio-style close-up of a close-up solitaire-style gold ring with diamond-forward styling against a rosy clay backdrop.,Diamond Solitaire Ring A Softly Sculpted Profile Centered Portrait on Rose Clay,"Diamond Solitaire Ring A Softly Sculpted Profile Centered Portrait on Rose Clay places a solitaire-led silhouette in a centered portrait on a rosy clay backdrop, balancing diamond brilliance with a softly sculpted profile and polished yellow-gold styling. Use this pin for Diamond Rings when you want jewelry content that reads premium, save-worthy, and ready for bridal or luxury inspiration boards.",#diamondring #finejewelry #engagementring #goldjewelry #luxuryjewelry #pinterestpost #solitairering #bridalring #finejewelry #diamondrings,"diamond ring, clear stone ring, gold engagement ring, solitaire engagement ring, bridal solitaire jewelry, diamond rings, rose clay jewelry photo, Pinterest jewelry content",Diamond Rings,Diamond Rings
Whisk_5ityirmm4e2nkfmntummhltl0mjn00snjvmntmj.png,A studio-style close-up of a close-up solitaire-style gold ring with diamond-forward styling against a rosy clay backdrop.,Diamond Solitaire Ring Bridal-Ready Sparkle Centered Portrait on Rose Clay,"Diamond Solitaire Ring Bridal-Ready Sparkle Centered Portrait on Rose Clay places a solitaire-led silhouette in a centered portrait on a rosy clay backdrop, balancing diamond brilliance with bridal-ready sparkle and polished yellow-gold styling. Use this pin for Diamond Rings when you want jewelry content that reads premium, save-worthy, and ready for bridal or luxury inspiration boards.",#diamondring #finejewelry #engagementring #goldjewelry #luxuryjewelry #pinterestpost #solitairering #bridalring #finejewelry #diamondrings,"diamond ring, clear stone ring, gold engagement ring, solitaire engagement ring, bridal solitaire jewelry, diamond rings, rose clay jewelry photo, Pinterest jewelry content",Diamond Rings,Diamond Rings
Whisk_5ktm1ewohnmzlnmytqmm5gtl3czm00so4u2ntgd.png,A studio-style close-up of a close-up solitaire-style gold ring with diamond-forward styling against a soft neutral studio background.,Diamond Solitaire Ring Polished Gold Lines Centered Portrait on Studio Neutral,"Diamond Solitaire Ring Polished Gold Lines Centered Portrait on Studio Neutral places a solitaire-led silhouette in a centered portrait on a soft neutral studio background, balancing diamond brilliance with polished gold lines and polished yellow-gold styling. Use this pin for Diamond Rings when you want jewelry content that reads premium, save-worthy, and ready for bridal or luxury inspiration boards.",#diamondring #finejewelry #engagementring #goldjewelry #luxuryjewelry #pinterestpost #solitairering #bridalring #finejewelry #diamondrings,"diamond ring, clear stone ring, gold engagement ring, solitaire engagement ring, bridal solitaire jewelry, diamond rings, studio neutral jewelry photo, Pinterest jewelry content",Diamond Rings,Diamond Rings
Whisk_5qtmjhjykfmz4ajytytm3ewlwedm00syxiwotit.png,A studio-style close-up of a close-up solitaire-style gold ring with diamond-forward styling against a charcoal-grey editorial backdrop.,Diamond Solitaire Ring Refined Diamond Accents Right-Framed Editorial on Charcoal Grey,"Diamond Solitaire Ring Refined Diamond Accents Right-Framed Editorial on Charcoal Grey places a solitaire-led silhouette in a right-framed editorial on a charcoal-grey editorial backdrop, balancing diamond brilliance with refined diamond accents and polished yellow-gold styling. Use this pin for Diamond Rings when you want jewelry content that reads premium, save-worthy, and ready for bridal or luxury inspiration boards.",#diamondring #finejewelry #engagementring #goldjewelry #luxuryjewelry #pinterestpost #solitairering #bridalring #finejewelry #diamondrings,"diamond ring, clear stone ring, gold engagement ring, solitaire engagement ring, bridal solitaire jewelry, diamond rings, charcoal grey jewelry photo, Pinterest jewelry content",Diamond Rings,Diamond Rings
Whisk_5qwzmdjm3qdo4yzytqdzjhtl5kzm00sn0kjntmt.png,A studio-style close-up of a close-up solitaire-style gold ring with diamond-forward styling against a warm taupe background.,Diamond Solitaire Ring A Softly Sculpted Profile Centered Portrait on Warm Taupe,"Diamond Solitaire Ring A Softly Sculpted Profile Centered Portrait on Warm Taupe places a solitaire-led silhouette in a centered portrait on a warm taupe background, balancing diamond brilliance with a softly sculpted profile and polished yellow-gold styling. Use this pin for Diamond Rings when you want jewelry content that reads premium, save-worthy, and ready for bridal or luxury inspiration boards.",#diamondring #finejewelry #engagementring #goldjewelry #luxuryjewelry #pinterestpost #solitairering #bridalring #finejewelry #diamondrings,"diamond ring, clear stone ring, gold engagement ring, solitaire engagement ring, bridal solitaire jewelry, diamond rings, warm taupe jewelry photo, Pinterest jewelry content",Diamond Rings,Diamond Rings
Whisk_5ygn5ejmknjzmnmytktzljwlxgtz00yylvdzty2.png,A studio-style close-up of a layered gold ring stack with diamond-forward styling against a rosy clay backdrop.,Diamond Ring Stack A Curated Jewelry Stack Centered Portrait on Rose Clay,"Diamond Ring Stack A Curated Jewelry Stack Centered Portrait on Rose Clay places a layered stack with bridal energy in a centered portrait on a rosy clay backdrop, balancing diamond brilliance with a curated jewelry stack and polished yellow-gold styling. Use this pin for Diamond Rings when you want jewelry content that reads premium, save-worthy, and ready for bridal or luxury inspiration boards.",#diamondring #finejewelry #engagementring #goldjewelry #luxuryjewelry #pinterestpost #ringstack #bridalset #stackingrings #diamondrings,"diamond ring, clear stone ring, gold engagement ring, gold ring stack, bridal ring set, diamond rings, rose clay jewelry photo, Pinterest jewelry content",Diamond Rings,Diamond Rings
Whisk_5ygo4adnzmtozumztmwmyktlmrwy00injr2mtuj.png,A studio-style close-up of a close-up solitaire-style gold ring with diamond-forward styling against a rosy clay backdrop.,Diamond Solitaire Ring Polished Gold Lines Centered Portrait on Rose Clay,"Diamond Solitaire Ring Polished Gold Lines Centered Portrait on Rose Clay places a solitaire-led silhouette in a centered portrait on a rosy clay backdrop, balancing diamond brilliance with polished gold lines and polished yellow-gold styling. Use this pin for Diamond Rings when you want jewelry content that reads premium, save-worthy, and ready for bridal or luxury inspiration boards.",#diamondring #finejewelry #engagementring #goldjewelry #luxuryjewelry #pinterestpost #solitairering #bridalring #finejewelry #diamondrings,"diamond ring, clear stone ring, gold engagement ring, solitaire engagement ring, bridal solitaire jewelry, diamond rings, rose clay jewelry photo, Pinterest jewelry content",Diamond Rings,Diamond Rings
Whisk_5yjm5itm3yjy4y2mtitmxktlkjdo00cmzgjztqd.png,A studio-style close-up of a close-up solitaire-style gold ring with diamond-forward styling against a warm taupe background.,Diamond Solitaire Ring Refined Diamond Accents Centered Portrait on Warm Taupe,"Diamond Solitaire Ring Refined Diamond Accents Centered Portrait on Warm Taupe places a solitaire-led silhouette in a centered portrait on a warm taupe background, balancing diamond brilliance with refined diamond accents and polished yellow-gold styling. Use this pin for Diamond Rings when you want jewelry content that reads premium, save-worthy, and ready for bridal or luxury inspiration boards.",#diamondring #finejewelry #engagementring #goldjewelry #luxuryjewelry #pinterestpost #solitairering #bridalring #finejewelry #diamondrings,"diamond ring, clear stone ring, gold engagement ring, solitaire engagement ring, bridal solitaire jewelry, diamond rings, warm taupe jewelry photo, Pinterest jewelry content",Diamond Rings,Diamond Rings
Whisk_5ywn4itzkfwnizjztqzmxewlijtz00cn1gjytkd.png,A studio-style close-up of a close-up solitaire-style gold ring with diamond-forward styling against a warm taupe background.,Diamond Solitaire Ring A Softly Sculpted Profile Centered Portrait on Warm Taupe,"Diamond Solitaire Ring A Softly Sculpted Profile Centered Portrait on Warm Taupe places a solitaire-led silhouette in a centered portrait on a warm taupe background, balancing diamond brilliance with a softly sculpted profile and polished yellow-gold styling. Use this pin for Diamond Rings when you want jewelry content that reads premium, save-worthy, and ready for bridal or luxury inspiration boards.",#diamondring #finejewelry #engagementring #goldjewelry #luxuryjewelry #pinterestpost #solitairering #bridalring #finejewelry #diamondrings,"diamond ring, clear stone ring, gold engagement ring, solitaire engagement ring, bridal solitaire jewelry, diamond rings, warm taupe jewelry photo, Pinterest jewelry content",Diamond Rings,Diamond Rings
Whisk_5yzn5adzkrmzmzwztqjzhltl0mzn00coifzytmw.png,A studio-style close-up of a layered gold ring stack with diamond-forward styling against a soft neutral studio background.,Diamond Ring Stack A Curated Jewelry Stack Centered Portrait on Studio Neutral,"Diamond Ring Stack A Curated Jewelry Stack Centered Portrait on Studio Neutral places a layered stack with bridal energy in a centered portrait on a soft neutral studio background, balancing diamond brilliance with a curated jewelry stack and polished yellow-gold styling. Use this pin for Diamond Rings when you want jewelry content that reads premium, save-worthy, and ready for bridal or luxury inspiration boards.",#diamondring #finejewelry #engagementring #goldjewelry #luxuryjewelry #pinterestpost #ringstack #bridalset #stackingrings #diamondrings,"diamond ring, clear stone ring, gold engagement ring, gold ring stack, bridal ring set, diamond rings, studio neutral jewelry photo, Pinterest jewelry content",Diamond Rings,Diamond Rings
Whisk_hfgo4ygm4ijymvtztm2y4gtl0qwn00czmljmtmt.png,A studio-style close-up of a close-up solitaire-style gold ring with diamond-forward styling against a warm taupe background.,Diamond Solitaire Ring Polished Gold Lines Centered Portrait on Warm Taupe,"Diamond Solitaire Ring Polished Gold Lines Centered Portrait on Warm Taupe places a solitaire-led silhouette in a centered portrait on a warm taupe background, balancing diamond brilliance with polished gold lines and polished yellow-gold styling. Use this pin for Diamond Rings when you want jewelry content that reads premium, save-worthy, and ready for bridal or luxury inspiration boards.",#diamondring #finejewelry #engagementring #goldjewelry #luxuryjewelry #pinterestpost #solitairering #bridalring #finejewelry #diamondrings,"diamond ring, clear stone ring, gold engagement ring, solitaire engagement ring, bridal solitaire jewelry, diamond rings, warm taupe jewelry photo, Pinterest jewelry content",Diamond Rings,Diamond Rings
Whisk_hfmmzywm0edmhhtztajyjfwlxijn00sy0gzmtmj.png,A studio-style close-up of a close-up solitaire-style gold ring with a blush-toned gemstone accent against a soft neutral studio background.,Blush Solitaire Ring Refined Diamond Accents Centered Portrait on Studio Neutral,"Blush Solitaire Ring Refined Diamond Accents Centered Portrait on Studio Neutral places a solitaire-led silhouette in a centered portrait on a soft neutral studio background, balancing a blush-toned gemstone mood with refined diamond accents and polished yellow-gold styling. Use this pin for Modern Halo and Solitaire Rings when you want jewelry content that reads premium, save-worthy, and ready for bridal or luxury inspiration boards.",#blushring #romanticjewelry #bridalstyle #goldjewelry #luxuryjewelry #pinterestpost #solitairering #bridalring #finejewelry #modernhaloandsolitairerings,"blush gemstone ring, pink gold ring, romantic bridal jewelry, solitaire engagement ring, bridal solitaire jewelry, modern halo and solitaire rings, studio neutral jewelry photo, Pinterest jewelry content",Modern Halo and Solitaire Rings,Modern Halo and Solitaire Rings
Whisk_hftm1iwzwejmmr2mtugnmjwlibdn00imwazytmj.png,A studio-style close-up of a clean-lined gold ring for everyday wear with diamond-forward styling against a clean ivory studio backdrop.,Minimal Diamond Ring Understated Yellow-Gold Warmth Centered Portrait on Soft Ivory,"Minimal Diamond Ring Understated Yellow-Gold Warmth Centered Portrait on Soft Ivory places a minimal silhouette built for everyday styling in a centered portrait on a clean ivory studio backdrop, balancing diamond brilliance with understated yellow-gold warmth and polished yellow-gold styling. Use this pin for Diamond Rings when you want jewelry content that reads premium, save-worthy, and ready for bridal or luxury inspiration boards.",#diamondring #finejewelry #engagementring #goldjewelry #luxuryjewelry #pinterestpost #minimaljewelry #dailywearring #moderngold #diamondrings,"diamond ring, clear stone ring, gold engagement ring, minimal gold ring, daily wear fine jewelry, diamond rings, soft ivory jewelry photo, Pinterest jewelry content",Diamond Rings,Diamond Rings
Whisk_hfwomvwoin2m4itotgdn4ktl2m2n00yminzytgt.png,A studio-style close-up of a close-up solitaire-style gold ring with diamond-forward styling against a deep midnight studio backdrop.,Diamond Solitaire Ring Bridal-Ready Sparkle Centered Portrait on Midnight Slate,"Diamond Solitaire Ring Bridal-Ready Sparkle Centered Portrait on Midnight Slate places a solitaire-led silhouette in a centered portrait on a deep midnight studio backdrop, balancing diamond brilliance with bridal-ready sparkle and polished yellow-gold styling. Use this pin for Diamond Rings when you want jewelry content that reads premium, save-worthy, and ready for bridal or luxury inspiration boards.",#diamondring #finejewelry #engagementring #goldjewelry #luxuryjewelry #pinterestpost #solitairering #bridalring #finejewelry #diamondrings,"diamond ring, clear stone ring, gold engagement ring, solitaire engagement ring, bridal solitaire jewelry, diamond rings, midnight slate jewelry photo, Pinterest jewelry content",Diamond Rings,Diamond Rings
Whisk_hfwowm2yjhtzlrgotmtm3iwl1idm00sz0qtotej.png,A studio-style close-up of a close-up solitaire-style gold ring with a blue gemstone focus against a soft neutral studio background.,Blue Gemstone Solitaire Ring Polished Gold Lines Centered Portrait on Studio Neutral,"Blue Gemstone Solitaire Ring Polished Gold Lines Centered Portrait on Studio Neutral places a solitaire-led silhouette in a centered portrait on a soft neutral studio background, balancing blue gemstone contrast with polished gold lines and polished yellow-gold styling. Use this pin for Blue Gemstone Gold Ring Sets when you want jewelry content that reads premium, save-worthy, and ready for bridal or luxury inspiration boards.",#bluegemstone #gemstonering #luxurycolor #goldjewelry #luxuryjewelry #pinterestpost #solitairering #bridalring #finejewelry #bluegemstonegoldringsets,"blue gemstone ring, blue gold ring, colored gemstone jewelry, solitaire engagement ring, bridal solitaire jewelry, blue gemstone gold ring sets, studio neutral jewelry photo, Pinterest jewelry content",Blue Gemstone Gold Ring Sets,Blue Gemstone Gold Ring Sets
Whisk_hhjmwmdn3gzn3mgmtegn3iwl0mdo00ymkdjmtkz.png,A studio-style close-up of a close-up solitaire-style gold ring with diamond-forward styling against a rosy clay backdrop.,Diamond Solitaire Ring Refined Diamond Accents Centered Portrait on Rose Clay,"Diamond Solitaire Ring Refined Diamond Accents Centered Portrait on Rose Clay places a solitaire-led silhouette in a centered portrait on a rosy clay backdrop, balancing diamond brilliance with refined diamond accents and polished yellow-gold styling. Use this pin for Diamond Rings when you want jewelry content that reads premium, save-worthy, and ready for bridal or luxury inspiration boards.",#diamondring #finejewelry #engagementring #goldjewelry #luxuryjewelry #pinterestpost #solitairering #bridalring #finejewelry #diamondrings,"diamond ring, clear stone ring, gold engagement ring, solitaire engagement ring, bridal solitaire jewelry, diamond rings, rose clay jewelry photo, Pinterest jewelry content",Diamond Rings,Diamond Rings
Whisk_hhznwqzmzgdojr2ntimnwewlibzy00in4azntym.png,A studio-style close-up of a close-up solitaire-style gold ring with diamond-forward styling against a rosy clay backdrop.,Diamond Solitaire Ring A Softly Sculpted Profile Centered Portrait on Rose Clay,"Diamond Solitaire Ring A Softly Sculpted Profile Centered Portrait on Rose Clay places a solitaire-led silhouette in a centered portrait on a rosy clay backdrop, balancing diamond brilliance with a softly sculpted profile and polished yellow-gold styling. Use this pin for Diamond Rings when you want jewelry content that reads premium, save-worthy, and ready for bridal or luxury inspiration boards.",#diamondring #finejewelry #engagementring #goldjewelry #luxuryjewelry #pinterestpost #solitairering #bridalring #finejewelry #diamondrings,"diamond ring, clear stone ring, gold engagement ring, solitaire engagement ring, bridal solitaire jewelry, diamond rings, rose clay jewelry photo, Pinterest jewelry content",Diamond Rings,Diamond Rings
Whisk_hjtywujmmvgniftmtugoziwlwato00szijmmtaj.png,A studio-style close-up of a close-up solitaire-style gold ring with diamond-forward styling against a rosy clay backdrop.,Diamond Solitaire Ring Bridal-Ready Sparkle Centered Portrait on Rose Clay,"Diamond Solitaire Ring Bridal-Ready Sparkle Centered Portrait on Rose Clay places a solitaire-led silhouette in a centered portrait on a rosy clay backdrop, balancing diamond brilliance with bridal-ready sparkle and polished yellow-gold styling. Use this pin for Diamond Rings when you want jewelry content that reads premium, save-worthy, and ready for bridal or luxury inspiration boards.",#diamondring #finejewelry #engagementring #goldjewelry #luxuryjewelry #pinterestpost #solitairering #bridalring #finejewelry #diamondrings,"diamond ring, clear stone ring, gold engagement ring, solitaire engagement ring, bridal solitaire jewelry, diamond rings, rose clay jewelry photo, Pinterest jewelry content",Diamond Rings,Diamond Rings
Whisk_hjwnmljmyejm2emytqtnygtlijzn00cnwqjztut.png,A studio-style close-up of a close-up solitaire-style gold ring with diamond-forward styling against a soft neutral studio background.,Diamond Solitaire Ring Polished Gold Lines Centered Portrait on Studio Neutral,"Diamond Solitaire Ring Polished Gold Lines Centered Portrait on Studio Neutral places a solitaire-led silhouette in a centered portrait on a soft neutral studio background, balancing diamond brilliance with polished gold lines and polished yellow-gold styling. Use this pin for Diamond Rings when you want jewelry content that reads premium, save-worthy, and ready for bridal or luxury inspiration boards.",#diamondring #finejewelry #engagementring #goldjewelry #luxuryjewelry #pinterestpost #solitairering #bridalring #finejewelry #diamondrings,"diamond ring, clear stone ring, gold engagement ring, solitaire engagement ring, bridal solitaire jewelry, diamond rings, studio neutral jewelry photo, Pinterest jewelry content",Diamond Rings,Diamond Rings
Whisk_hldzzgto1udz1qtytgtohltlxqdo00iy5kzntcj.png,A studio-style close-up of a close-up solitaire-style gold ring with diamond-forward styling against a warm taupe background.,Diamond Solitaire Ring Refined Diamond Accents Centered Portrait on Warm Taupe,"Diamond Solitaire Ring Refined Diamond Accents Centered Portrait on Warm Taupe places a solitaire-led silhouette in a centered portrait on a warm taupe background, balancing diamond brilliance with refined diamond accents and polished yellow-gold styling. Use this pin for Diamond Rings when you want jewelry content that reads premium, save-worthy, and ready for bridal or luxury inspiration boards.",#diamondring #finejewelry #engagementring #goldjewelry #luxuryjewelry #pinterestpost #solitairering #bridalring #finejewelry #diamondrings,"diamond ring, clear stone ring, gold engagement ring, solitaire engagement ring, bridal solitaire jewelry, diamond rings, warm taupe jewelry photo, Pinterest jewelry content",Diamond Rings,Diamond Rings
Whisk_hnjmwktm5cdnyujmty2nhltl0gzn00iywiwmtid.png,A studio-style close-up of a close-up solitaire-style gold ring with diamond-forward styling against a soft neutral studio background.,Diamond Solitaire Ring A Softly Sculpted Profile Centered Portrait on Studio Neutral,"Diamond Solitaire Ring A Softly Sculpted Profile Centered Portrait on Studio Neutral places a solitaire-led silhouette in a centered portrait on a soft neutral studio background, balancing diamond brilliance with a softly sculpted profile and polished yellow-gold styling. Use this pin for Diamond Rings when you want jewelry content that reads premium, save-worthy, and ready for bridal or luxury inspiration boards.",#diamondring #finejewelry #engagementring #goldjewelry #luxuryjewelry #pinterestpost #solitairering #bridalring #finejewelry #diamondrings,"diamond ring, clear stone ring, gold engagement ring, solitaire engagement ring, bridal solitaire jewelry, diamond rings, studio neutral jewelry photo, Pinterest jewelry content",Diamond Rings,Diamond Rings
Whisk_hvmnmnjzjljykbjytizywgtlziwn00imjltytqt.png,A studio-style close-up of a close-up solitaire-style gold ring with a blush-toned gemstone accent against a rosy clay backdrop.,Blush Solitaire Ring Bridal-Ready Sparkle Centered Portrait on Rose Clay,"Blush Solitaire Ring Bridal-Ready Sparkle Centered Portrait on Rose Clay places a solitaire-led silhouette in a centered portrait on a rosy clay backdrop, balancing a blush-toned gemstone mood with bridal-ready sparkle and polished yellow-gold styling. Use this pin for Three-stone blush ring set in gold when you want jewelry content that reads premium, save-worthy, and ready for bridal or luxury inspiration boards.",#blushring #romanticjewelry #bridalstyle #goldjewelry #luxuryjewelry #pinterestpost #solitairering #bridalring #finejewelry #threestoneblushringsetingold,"blush gemstone ring, pink gold ring, romantic bridal jewelry, solitaire engagement ring, bridal solitaire jewelry, three-stone blush ring set in gold, rose clay jewelry photo, Pinterest jewelry content",Three-stone blush ring set in gold,Three-stone blush ring set in gold
Whisk_hvmy0ajy0gjz4ytntctyygtl1ujn00cmmhjztut.png,A studio-style close-up of a close-up solitaire-style gold ring with a blue gemstone focus against a powder-blue studio backdrop.,Blue Gemstone Solitaire Ring Polished Gold Lines Hand-Styled Close-Up on Powder Blue,"Blue Gemstone Solitaire Ring Polished Gold Lines Hand-Styled Close-Up on Powder Blue places a solitaire-led silhouette in a hand-styled close-up on a powder-blue studio backdrop, balancing blue gemstone contrast with polished gold lines and polished yellow-gold styling. Use this pin for Blue Gemstone Gold Ring Sets when you want jewelry content that reads premium, save-worthy, and ready for bridal or luxury inspiration boards.",#bluegemstone #gemstonering #luxurycolor #goldjewelry #luxuryjewelry #pinterestpost #solitairering #bridalring #finejewelry #bluegemstonegoldringsets,"blue gemstone ring, blue gold ring, colored gemstone jewelry, solitaire engagement ring, bridal solitaire jewelry, blue gemstone gold ring sets, powder blue jewelry photo, Pinterest jewelry content",Blue Gemstone Gold Ring Sets,Blue Gemstone Gold Ring Sets
Whisk_hvtmlftz0q2n5ctntijmljwlljzn00smldtytit.png,A studio-style close-up of a layered gold ring stack with a yellow gemstone highlight against a soft neutral studio background.,Yellow Gemstone Gold Stack Stacked Bridal Shine Centered Portrait on Studio Neutral,"Yellow Gemstone Gold Stack Stacked Bridal Shine Centered Portrait on Studio Neutral places a layered stack with bridal energy in a centered portrait on a soft neutral studio background, balancing yellow gemstone warmth with stacked bridal shine and polished yellow-gold styling. Use this pin for Yellow Gemstone Gold Rings when you want jewelry content that reads premium, save-worthy, and ready for bridal or luxury inspiration boards.",#yellowgemstone #goldring #statementjewelry #goldjewelry #luxuryjewelry #pinterestpost #ringstack #bridalset #stackingrings #yellowgemstonegoldrings,"yellow gemstone ring, yellow gold statement ring, colored gemstone jewelry, gold ring stack, bridal ring set, yellow gemstone gold rings, studio neutral jewelry photo, Pinterest jewelry content",Yellow Gemstone Gold Rings,Yellow Gemstone Gold Rings
Whisk_ibdz5yto3ejn3ygotmmz4ktl4mdo00iykddmtmm.png,A studio-style close-up of a close-up solitaire-style gold ring with diamond-forward styling against a rosy clay backdrop.,Diamond Solitaire Ring A Softly Sculpted Profile Centered Portrait on Rose Clay,"Diamond Solitaire Ring A Softly Sculpted Profile Centered Portrait on Rose Clay places a solitaire-led silhouette in a centered portrait on a rosy clay backdrop, balancing diamond brilliance with a softly sculpted profile and polished yellow-gold styling. Use this pin for Diamond Rings when you want jewelry content that reads premium, save-worthy, and ready for bridal or luxury inspiration boards.",#diamondring #finejewelry #engagementring #goldjewelry #luxuryjewelry #pinterestpost #solitairering #bridalring #finejewelry #diamondrings,"diamond ring, clear stone ring, gold engagement ring, solitaire engagement ring, bridal solitaire jewelry, diamond rings, rose clay jewelry photo, Pinterest jewelry content",Diamond Rings,Diamond Rings
Whisk_ibjnzegn4ywnwgjntedm2ewl4udm00cnykjztut.png,A studio-style close-up of a layered gold ring stack with diamond-forward styling against a deep midnight studio backdrop.,Diamond Ring Stack A Curated Jewelry Stack Hand-Styled Close-Up on Midnight Slate,"Diamond Ring Stack A Curated Jewelry Stack Hand-Styled Close-Up on Midnight Slate places a layered stack with bridal energy in a hand-styled close-up on a deep midnight studio backdrop, balancing diamond brilliance with a curated jewelry stack and polished yellow-gold styling. Use this pin for Diamond Rings when you want jewelry content that reads premium, save-worthy, and ready for bridal or luxury inspiration boards.",#diamondring #finejewelry #engagementring #goldjewelry #luxuryjewelry #pinterestpost #ringstack #bridalset #stackingrings #diamondrings,"diamond ring, clear stone ring, gold engagement ring, gold ring stack, bridal ring set, diamond rings, midnight slate jewelry photo, Pinterest jewelry content",Diamond Rings,Diamond Rings
Whisk_ifdzmfjmyewnhz2ytmdojjwl4gjm00inhndmtqt.png,A studio-style close-up of a close-up solitaire-style gold ring with diamond-forward styling against a warm taupe background.,Diamond Solitaire Ring Polished Gold Lines Centered Portrait on Warm Taupe,"Diamond Solitaire Ring Polished Gold Lines Centered Portrait on Warm Taupe places a solitaire-led silhouette in a centered portrait on a warm taupe background, balancing diamond brilliance with polished gold lines and polished yellow-gold styling. Use this pin for Diamond Rings when you want jewelry content that reads premium, save-worthy, and ready for bridal or luxury inspiration boards.",#diamondring #finejewelry #engagementring #goldjewelry #luxuryjewelry #pinterestpost #solitairering #bridalring #finejewelry #diamondrings,"diamond ring, clear stone ring, gold engagement ring, solitaire engagement ring, bridal solitaire jewelry, diamond rings, warm taupe jewelry photo, Pinterest jewelry content",Diamond Rings,Diamond Rings
Whisk_ijgm4kdnlnmmlvwotemmihtlxqgn00sz5etztkd.png,A studio-style close-up of a close-up solitaire-style gold ring with a yellow gemstone highlight against a rosy clay backdrop.,Yellow Gemstone Solitaire Ring Refined Diamond Accents Centered Portrait on Rose Clay,"Yellow Gemstone Solitaire Ring Refined Diamond Accents Centered Portrait on Rose Clay places a solitaire-led silhouette in a centered portrait on a rosy clay backdrop, balancing yellow gemstone warmth with refined diamond accents and polished yellow-gold styling. Use this pin for Yellow Gemstone Gold Rings when you want jewelry content that reads premium, save-worthy, and ready for bridal or luxury inspiration boards.",#yellowgemstone #goldring #statementjewelry #goldjewelry #luxuryjewelry #pinterestpost #solitairering #bridalring #finejewelry #yellowgemstonegoldrings,"yellow gemstone ring, yellow gold statement ring, colored gemstone jewelry, solitaire engagement ring, bridal solitaire jewelry, yellow gemstone gold rings, rose clay jewelry photo, Pinterest jewelry content",Yellow Gemstone Gold Rings,Yellow Gemstone Gold Rings
Whisk_ijjmlrgmjfwnmfmztajzijwlhfwo00coze2ytmt.png,A studio-style close-up of a close-up solitaire-style gold ring with diamond-forward styling against a warm taupe background.,Diamond Solitaire Ring A Softly Sculpted Profile Centered Portrait on Warm Taupe,"Diamond Solitaire Ring A Softly Sculpted Profile Centered Portrait on Warm Taupe places a solitaire-led silhouette in a centered portrait on a warm taupe background, balancing diamond brilliance with a softly sculpted profile and polished yellow-gold styling. Use this pin for Diamond Rings when you want jewelry content that reads premium, save-worthy, and ready for bridal or luxury inspiration boards.",#diamondring #finejewelry #engagementring #goldjewelry #luxuryjewelry #pinterestpost #solitairering #bridalring #finejewelry #diamondrings,"diamond ring, clear stone ring, gold engagement ring, solitaire engagement ring, bridal solitaire jewelry, diamond rings, warm taupe jewelry photo, Pinterest jewelry content",Diamond Rings,Diamond Rings
Whisk_ijjnihtm2ajzhhtmtymyhhtlxu2n00cokvmytgz.png,A studio-style close-up of a layered gold ring stack with a blush-toned gemstone accent against a soft neutral studio background.,Blush Gold Ring Set A Curated Jewelry Stack Floating Studio Detail on Studio Neutral,"Blush Gold Ring Set A Curated Jewelry Stack Floating Studio Detail on Studio Neutral places a layered stack with bridal energy in a floating studio detail on a soft neutral studio background, balancing a blush-toned gemstone mood with a curated jewelry stack and polished yellow-gold styling. Use this pin for Bridal Ring Sets when you want jewelry content that reads premium, save-worthy, and ready for bridal or luxury inspiration boards.",#blushring #romanticjewelry #bridalstyle #goldjewelry #luxuryjewelry #pinterestpost #ringstack #bridalset #stackingrings #bridalringsets,"blush gemstone ring, pink gold ring, romantic bridal jewelry, gold ring stack, bridal ring set, bridal ring sets, studio neutral jewelry photo, Pinterest jewelry content",Bridal Ring Sets,Bridal Ring Sets
Whisk_in2nykto5ygz1atytujyiltlmjmy00soijmztmd.png,A studio-style close-up of a close-up solitaire-style gold ring with a blue gemstone focus against a rosy clay backdrop.,Blue Gemstone Solitaire Ring Polished Gold Lines Left-Framed Editorial on Rose Clay,"Blue Gemstone Solitaire Ring Polished Gold Lines Left-Framed Editorial on Rose Clay places a solitaire-led silhouette in a left-framed editorial on a rosy clay backdrop, balancing blue gemstone contrast with polished gold lines and polished yellow-gold styling. Use this pin for Blue Gemstone Gold Ring Sets when you want jewelry content that reads premium, save-worthy, and ready for bridal or luxury inspiration boards.",#bluegemstone #gemstonering #luxurycolor #goldjewelry #luxuryjewelry #pinterestpost #solitairering #bridalring #finejewelry #bluegemstonegoldringsets,"blue gemstone ring, blue gold ring, colored gemstone jewelry, solitaire engagement ring, bridal solitaire jewelry, blue gemstone gold ring sets, rose clay jewelry photo, Pinterest jewelry content",Blue Gemstone Gold Ring Sets,Blue Gemstone Gold Ring Sets
Whisk_inmz1ktyzegn0itztejm3ktl0kzm00snlr2ytew.png,A studio-style close-up of a close-up solitaire-style gold ring with diamond-forward styling against a rosy clay backdrop.,Diamond Solitaire Ring Refined Diamond Accents Centered Portrait on Rose Clay,"Diamond Solitaire Ring Refined Diamond Accents Centered Portrait on Rose Clay places a solitaire-led silhouette in a centered portrait on a rosy clay backdrop, balancing diamond brilliance with refined diamond accents and polished yellow-gold styling. Use this pin for Diamond Rings when you want jewelry content that reads premium, save-worthy, and ready for bridal or luxury inspiration boards.",#diamondring #finejewelry #engagementring #goldjewelry #luxuryjewelry #pinterestpost #solitairering #bridalring #finejewelry #diamondrings,"diamond ring, clear stone ring, gold engagement ring, solitaire engagement ring, bridal solitaire jewelry, diamond rings, rose clay jewelry photo, Pinterest jewelry content",Diamond Rings,Diamond Rings
Whisk_inmzxiwmidtozqdmtytmkfwl0iwn00soinwotqt.png,A studio-style close-up of a close-up solitaire-style gold ring with a yellow gemstone highlight against a rosy clay backdrop.,Yellow Gemstone Solitaire Ring A Softly Sculpted Profile Centered Portrait on Rose Clay,"Yellow Gemstone Solitaire Ring A Softly Sculpted Profile Centered Portrait on Rose Clay places a solitaire-led silhouette in a centered portrait on a rosy clay backdrop, balancing yellow gemstone warmth with a softly sculpted profile and polished yellow-gold styling. Use this pin for Yellow Gemstone Gold Rings when you want jewelry content that reads premium, save-worthy, and ready for bridal or luxury inspiration boards.",#yellowgemstone #goldring #statementjewelry #goldjewelry #luxuryjewelry #pinterestpost #solitairering #bridalring #finejewelry #yellowgemstonegoldrings,"yellow gemstone ring, yellow gold statement ring, colored gemstone jewelry, solitaire engagement ring, bridal solitaire jewelry, yellow gemstone gold rings, rose clay jewelry photo, Pinterest jewelry content",Yellow Gemstone Gold Rings,Yellow Gemstone Gold Rings
Whisk_inzmklzy3umy2u2mtmwyzktl2ygm00smjfdotut.png,A studio-style close-up of a close-up solitaire-style gold ring with diamond-forward styling against a rosy clay backdrop.,Diamond Solitaire Ring Bridal-Ready Sparkle Centered Portrait on Rose Clay,"Diamond Solitaire Ring Bridal-Ready Sparkle Centered Portrait on Rose Clay places a solitaire-led silhouette in a centered portrait on a rosy clay backdrop, balancing diamond brilliance with bridal-ready sparkle and polished yellow-gold styling. Use this pin for Diamond Rings when you want jewelry content that reads premium, save-worthy, and ready for bridal or luxury inspiration boards.",#diamondring #finejewelry #engagementring #goldjewelry #luxuryjewelry #pinterestpost #solitairering #bridalring #finejewelry #diamondrings,"diamond ring, clear stone ring, gold engagement ring, solitaire engagement ring, bridal solitaire jewelry, diamond rings, rose clay jewelry photo, Pinterest jewelry content",Diamond Rings,Diamond Rings
Whisk_irmm5iwy4ijzjhjmtywz5ktljfzn00iz3qdotad.png,A studio-style close-up of a close-up solitaire-style gold ring with diamond-forward styling against a warm taupe background.,Diamond Solitaire Ring Polished Gold Lines Centered Portrait on Warm Taupe,"Diamond Solitaire Ring Polished Gold Lines Centered Portrait on Warm Taupe places a solitaire-led silhouette in a centered portrait on a warm taupe background, balancing diamond brilliance with polished gold lines and polished yellow-gold styling. Use this pin for Diamond Rings when you want jewelry content that reads premium, save-worthy, and ready for bridal or luxury inspiration boards.",#diamondring #finejewelry #engagementring #goldjewelry #luxuryjewelry #pinterestpost #solitairering #bridalring #finejewelry #diamondrings,"diamond ring, clear stone ring, gold engagement ring, solitaire engagement ring, bridal solitaire jewelry, diamond rings, warm taupe jewelry photo, Pinterest jewelry content",Diamond Rings,Diamond Rings
Whisk_irwn5kjm0iwnjzdmtmjnhfwl1mtz00cowiwmtiw.png,A studio-style close-up of a close-up solitaire-style gold ring with diamond-forward styling against a warm taupe background.,Diamond Solitaire Ring Refined Diamond Accents Centered Portrait on Warm Taupe,"Diamond Solitaire Ring Refined Diamond Accents Centered Portrait on Warm Taupe places a solitaire-led silhouette in a centered portrait on a warm taupe background, balancing diamond brilliance with refined diamond accents and polished yellow-gold styling. Use this pin for Diamond Rings when you want jewelry content that reads premium, save-worthy, and ready for bridal or luxury inspiration boards.",#diamondring #finejewelry #engagementring #goldjewelry #luxuryjewelry #pinterestpost #solitairering #bridalring #finejewelry #diamondrings,"diamond ring, clear stone ring, gold engagement ring, solitaire engagement ring, bridal solitaire jewelry, diamond rings, warm taupe jewelry photo, Pinterest jewelry content",Diamond Rings,Diamond Rings
Whisk_irwnymgzwqjz5ydotyjm0ewlkfwn00cohfdztq2.png,A studio-style close-up of a close-up solitaire-style gold ring with diamond-forward styling against a rosy clay backdrop.,Diamond Solitaire Ring A Softly Sculpted Profile Centered Portrait on Rose Clay,"Diamond Solitaire Ring A Softly Sculpted Profile Centered Portrait on Rose Clay places a solitaire-led silhouette in a centered portrait on a rosy clay backdrop, balancing diamond brilliance with a softly sculpted profile and polished yellow-gold styling. Use this pin for Diamond Rings when you want jewelry content that reads premium, save-worthy, and ready for bridal or luxury inspiration boards.",#diamondring #finejewelry #engagementring #goldjewelry #luxuryjewelry #pinterestpost #solitairering #bridalring #finejewelry #diamondrings,"diamond ring, clear stone ring, gold engagement ring, solitaire engagement ring, bridal solitaire jewelry, diamond rings, rose clay jewelry photo, Pinterest jewelry content",Diamond Rings,Diamond Rings
Whisk_irwy3idmxajy4umztigz5ewl0adz00cnknmztmm.png,A studio-style close-up of a layered gold ring stack with diamond-forward styling against a warm taupe background.,Diamond Ring Stack A Curated Jewelry Stack Centered Portrait on Warm Taupe,"Diamond Ring Stack A Curated Jewelry Stack Centered Portrait on Warm Taupe places a layered stack with bridal energy in a centered portrait on a warm taupe background, balancing diamond brilliance with a curated jewelry stack and polished yellow-gold styling. Use this pin for Diamond Rings when you want jewelry content that reads premium, save-worthy, and ready for bridal or luxury inspiration boards.",#diamondring #finejewelry #engagementring #goldjewelry #luxuryjewelry #pinterestpost #ringstack #bridalset #stackingrings #diamondrings,"diamond ring, clear stone ring, gold engagement ring, gold ring stack, bridal ring set, diamond rings, warm taupe jewelry photo, Pinterest jewelry content",Diamond Rings,Diamond Rings
Whisk_irzyhddnhlto3ctytgjm2gtlingm00so1gtmtiw.png,A studio-style close-up of a close-up solitaire-style gold ring with diamond-forward styling against a soft neutral studio background.,Diamond Solitaire Ring Polished Gold Lines Centered Portrait on Studio Neutral,"Diamond Solitaire Ring Polished Gold Lines Centered Portrait on Studio Neutral places a solitaire-led silhouette in a centered portrait on a soft neutral studio background, balancing diamond brilliance with polished gold lines and polished yellow-gold styling. Use this pin for Diamond Rings when you want jewelry content that reads premium, save-worthy, and ready for bridal or luxury inspiration boards.",#diamondring #finejewelry #engagementring #goldjewelry #luxuryjewelry #pinterestpost #solitairering #bridalring #finejewelry #diamondrings,"diamond ring, clear stone ring, gold engagement ring, solitaire engagement ring, bridal solitaire jewelry, diamond rings, studio neutral jewelry photo, Pinterest jewelry content",Diamond Rings,Diamond Rings
Whisk_ivmzlfzykfwnijtotmgokhtlyymz00sz0mdztmg.png,A studio-style close-up of a close-up solitaire-style gold ring with a blush-toned gemstone accent against a deep midnight studio backdrop.,Blush Solitaire Ring Refined Diamond Accents Centered Portrait on Midnight Slate,"Blush Solitaire Ring Refined Diamond Accents Centered Portrait on Midnight Slate places a solitaire-led silhouette in a centered portrait on a deep midnight studio backdrop, balancing a blush-toned gemstone mood with refined diamond accents and polished yellow-gold styling. Use this pin for Modern Halo and Solitaire Rings when you want jewelry content that reads premium, save-worthy, and ready for bridal or luxury inspiration boards.",#blushring #romanticjewelry #bridalstyle #goldjewelry #luxuryjewelry #pinterestpost #solitairering #bridalring #finejewelry #modernhaloandsolitairerings,"blush gemstone ring, pink gold ring, romantic bridal jewelry, solitaire engagement ring, bridal solitaire jewelry, modern halo and solitaire rings, midnight slate jewelry photo, Pinterest jewelry content",Modern Halo and Solitaire Rings,Modern Halo and Solitaire Rings
Whisk_iz2n2mzy4q2yyyzntitohhtl5izm00sm0etztyt.png,A studio-style close-up of a close-up solitaire-style gold ring with diamond-forward styling against a rosy clay backdrop.,Diamond Solitaire Ring A Softly Sculpted Profile Centered Portrait on Rose Clay,"Diamond Solitaire Ring A Softly Sculpted Profile Centered Portrait on Rose Clay places a solitaire-led silhouette in a centered portrait on a rosy clay backdrop, balancing diamond brilliance with a softly sculpted profile and polished yellow-gold styling. Use this pin for Diamond Rings when you want jewelry content that reads premium, save-worthy, and ready for bridal or luxury inspiration boards.",#diamondring #finejewelry #engagementring #goldjewelry #luxuryjewelry #pinterestpost #solitairering #bridalring #finejewelry #diamondrings,"diamond ring, clear stone ring, gold engagement ring, solitaire engagement ring, bridal solitaire jewelry, diamond rings, rose clay jewelry photo, Pinterest jewelry content",Diamond Rings,Diamond Rings
Whisk_izdnwityhzmzivzntkto0iwljfwz00ymihjztij.png,A studio-style close-up of a close-up solitaire-style gold ring with diamond-forward styling against a rosy clay backdrop.,Diamond Solitaire Ring Bridal-Ready Sparkle Centered Portrait on Rose Clay,"Diamond Solitaire Ring Bridal-Ready Sparkle Centered Portrait on Rose Clay places a solitaire-led silhouette in a centered portrait on a rosy clay backdrop, balancing diamond brilliance with bridal-ready sparkle and polished yellow-gold styling. Use this pin for Diamond Rings when you want jewelry content that reads premium, save-worthy, and ready for bridal or luxury inspiration boards.",#diamondring #finejewelry #engagementring #goldjewelry #luxuryjewelry #pinterestpost #solitairering #bridalring #finejewelry #diamondrings,"diamond ring, clear stone ring, gold engagement ring, solitaire engagement ring, bridal solitaire jewelry, diamond rings, rose clay jewelry photo, Pinterest jewelry content",Diamond Rings,Diamond Rings
Whisk_izgz3ktz3mjm2ktotmmn3gtlmjdz00sywutntmd.png,A studio-style close-up of a close-up solitaire-style gold ring with diamond-forward styling against a charcoal-grey editorial backdrop.,Diamond Solitaire Ring Polished Gold Lines Hand-Styled Close-Up on Charcoal Grey,"Diamond Solitaire Ring Polished Gold Lines Hand-Styled Close-Up on Charcoal Grey places a solitaire-led silhouette in a hand-styled close-up on a charcoal-grey editorial backdrop, balancing diamond brilliance with polished gold lines and polished yellow-gold styling. Use this pin for Diamond Rings when you want jewelry content that reads premium, save-worthy, and ready for bridal or luxury inspiration boards.",#diamondring #finejewelry #engagementring #goldjewelry #luxuryjewelry #pinterestpost #solitairering #bridalring #finejewelry #diamondrings,"diamond ring, clear stone ring, gold engagement ring, solitaire engagement ring, bridal solitaire jewelry, diamond rings, charcoal grey jewelry photo, Pinterest jewelry content",Diamond Rings,Diamond Rings
Whisk_jdtnxewm5idm0qjytyjmxewl1ydm00szizdotiw.png,A studio-style close-up of a close-up solitaire-style gold ring with a blue gemstone focus against a rosy clay backdrop.,Blue Gemstone Solitaire Ring Refined Diamond Accents Hand-Styled Close-Up on Rose Clay,"Blue Gemstone Solitaire Ring Refined Diamond Accents Hand-Styled Close-Up on Rose Clay places a solitaire-led silhouette in a hand-styled close-up on a rosy clay backdrop, balancing blue gemstone contrast with refined diamond accents and polished yellow-gold styling. Use this pin for Blue Gemstone Gold Ring Sets when you want jewelry content that reads premium, save-worthy, and ready for bridal or luxury inspiration boards.",#bluegemstone #gemstonering #luxurycolor #goldjewelry #luxuryjewelry #pinterestpost #solitairering #bridalring #finejewelry #bluegemstonegoldringsets,"blue gemstone ring, blue gold ring, colored gemstone jewelry, solitaire engagement ring, bridal solitaire jewelry, blue gemstone gold ring sets, rose clay jewelry photo, Pinterest jewelry content",Blue Gemstone Gold Ring Sets,Blue Gemstone Gold Ring Sets
Whisk_jfjm4ajmwgtnwqdztytn4gtlwe2n00sn5gtytmm.png,A studio-style close-up of a close-up solitaire-style gold ring with a blue gemstone focus against a soft neutral studio background.,Blue Gemstone Solitaire Ring A Softly Sculpted Profile Centered Portrait on Studio Neutral,"Blue Gemstone Solitaire Ring A Softly Sculpted Profile Centered Portrait on Studio Neutral places a solitaire-led silhouette in a centered portrait on a soft neutral studio background, balancing blue gemstone contrast with a softly sculpted profile and polished yellow-gold styling. Use this pin for Blue Gemstone Gold Ring Sets when you want jewelry content that reads premium, save-worthy, and ready for bridal or luxury inspiration boards.",#bluegemstone #gemstonering #luxurycolor #goldjewelry #luxuryjewelry #pinterestpost #solitairering #bridalring #finejewelry #bluegemstonegoldringsets,"blue gemstone ring, blue gold ring, colored gemstone jewelry, solitaire engagement ring, bridal solitaire jewelry, blue gemstone gold ring sets, studio neutral jewelry photo, Pinterest jewelry content",Blue Gemstone Gold Ring Sets,Blue Gemstone Gold Ring Sets
Whisk_jfwy1egz3u2myyjmtajmwgtllddn00cnhrjmtum.png,A studio-style close-up of a layered gold ring stack with diamond-forward styling against a clean ivory studio backdrop.,Diamond Ring Stack A Curated Jewelry Stack Floating Studio Detail on Soft Ivory,"Diamond Ring Stack A Curated Jewelry Stack Floating Studio Detail on Soft Ivory places a layered stack with bridal energy in a floating studio detail on a clean ivory studio backdrop, balancing diamond brilliance with a curated jewelry stack and polished yellow-gold styling. Use this pin for Diamond Rings when you want jewelry content that reads premium, save-worthy, and ready for bridal or luxury inspiration boards.",#diamondring #finejewelry #engagementring #goldjewelry #luxuryjewelry #pinterestpost #ringstack #bridalset #stackingrings #diamondrings,"diamond ring, clear stone ring, gold engagement ring, gold ring stack, bridal ring set, diamond rings, soft ivory jewelry photo, Pinterest jewelry content",Diamond Rings,Diamond Rings
Whisk_jjjz2qznzijm4i2ntqjmziwl0mwn00cm2yzmtmj.png,A studio-style close-up of a close-up solitaire-style gold ring with diamond-forward styling against a clean ivory studio backdrop.,Diamond Solitaire Ring Polished Gold Lines Centered Portrait on Soft Ivory,"Diamond Solitaire Ring Polished Gold Lines Centered Portrait on Soft Ivory places a solitaire-led silhouette in a centered portrait on a clean ivory studio backdrop, balancing diamond brilliance with polished gold lines and polished yellow-gold styling. Use this pin for Diamond Rings when you want jewelry content that reads premium, save-worthy, and ready for bridal or luxury inspiration boards.",#diamondring #finejewelry #engagementring #goldjewelry #luxuryjewelry #pinterestpost #solitairering #bridalring #finejewelry #diamondrings,"diamond ring, clear stone ring, gold engagement ring, solitaire engagement ring, bridal solitaire jewelry, diamond rings, soft ivory jewelry photo, Pinterest jewelry content",Diamond Rings,Diamond Rings
Whisk_jlzymdtolnzniftmtkzm0ewlwqzm00im5ywytat.png,A studio-style close-up of a close-up solitaire-style gold ring with a green gemstone center against a warm taupe background.,Green Gemstone Solitaire Ring Refined Diamond Accents Hand-Styled Close-Up on Warm Taupe,"Green Gemstone Solitaire Ring Refined Diamond Accents Hand-Styled Close-Up on Warm Taupe places a solitaire-led silhouette in a hand-styled close-up on a warm taupe background, balancing green gemstone color with refined diamond accents and polished yellow-gold styling. Use this pin for Green Gemstone Gold Rings when you want jewelry content that reads premium, save-worthy, and ready for bridal or luxury inspiration boards.",#greengemstone #gemstonering #coloreddiamondlook #goldjewelry #luxuryjewelry #pinterestpost #solitairering #bridalring #finejewelry #greengemstonegoldrings,"green gemstone ring, green gold ring, colored gemstone jewelry, solitaire engagement ring, bridal solitaire jewelry, green gemstone gold rings, warm taupe jewelry photo, Pinterest jewelry content",Green Gemstone Gold Rings,Green Gemstone Gold Rings
Whisk_jr2mxe2ykrjywqjntczy5ewlklzy00coxm2ntij.png,A studio-style close-up of a close-up solitaire-style gold ring with a green gemstone center against a charcoal-grey editorial backdrop.,Green Gemstone Solitaire Ring A Softly Sculpted Profile Centered Portrait on Charcoal Grey,"Green Gemstone Solitaire Ring A Softly Sculpted Profile Centered Portrait on Charcoal Grey places a solitaire-led silhouette in a centered portrait on a charcoal-grey editorial backdrop, balancing green gemstone color with a softly sculpted profile and polished yellow-gold styling. Use this pin for Green Gemstone Gold Rings when you want jewelry content that reads premium, save-worthy, and ready for bridal or luxury inspiration boards.",#greengemstone #gemstonering #coloreddiamondlook #goldjewelry #luxuryjewelry #pinterestpost #solitairering #bridalring #finejewelry #greengemstonegoldrings,"green gemstone ring, green gold ring, colored gemstone jewelry, solitaire engagement ring, bridal solitaire jewelry, green gemstone gold rings, charcoal grey jewelry photo, Pinterest jewelry content",Green Gemstone Gold Rings,Green Gemstone Gold Rings
Whisk_jrgz0umnyktojnmztydz3gtl4egz00co4iwytej.png,A studio-style close-up of a close-up solitaire-style gold ring with diamond-forward styling against a warm taupe background.,Diamond Solitaire Ring Bridal-Ready Sparkle Centered Portrait on Warm Taupe,"Diamond Solitaire Ring Bridal-Ready Sparkle Centered Portrait on Warm Taupe places a solitaire-led silhouette in a centered portrait on a warm taupe background, balancing diamond brilliance with bridal-ready sparkle and polished yellow-gold styling. Use this pin for Diamond Rings when you want jewelry content that reads premium, save-worthy, and ready for bridal or luxury inspiration boards.",#diamondring #finejewelry #engagementring #goldjewelry #luxuryjewelry #pinterestpost #solitairering #bridalring #finejewelry #diamondrings,"diamond ring, clear stone ring, gold engagement ring, solitaire engagement ring, bridal solitaire jewelry, diamond rings, warm taupe jewelry photo, Pinterest jewelry content",Diamond Rings,Diamond Rings
Whisk_jrmy4adn2mwy2qtztgdo3ktlibjz00szhfjnti2.png,A studio-style close-up of a close-up solitaire-style gold ring with a green gemstone center against a sage-toned background.,Green Gemstone Solitaire Ring Polished Gold Lines Centered Portrait on Sage Green,"Green Gemstone Solitaire Ring Polished Gold Lines Centered Portrait on Sage Green places a solitaire-led silhouette in a centered portrait on a sage-toned background, balancing green gemstone color with polished gold lines and polished yellow-gold styling. Use this pin for Green Gemstone Gold Rings when you want jewelry content that reads premium, save-worthy, and ready for bridal or luxury inspiration boards.",#greengemstone #gemstonering #coloreddiamondlook #goldjewelry #luxuryjewelry #pinterestpost #solitairering #bridalring #finejewelry #greengemstonegoldrings,"green gemstone ring, green gold ring, colored gemstone jewelry, solitaire engagement ring, bridal solitaire jewelry, green gemstone gold rings, sage green jewelry photo, Pinterest jewelry content",Green Gemstone Gold Rings,Green Gemstone Gold Rings
Whisk_jvmm0y2nyktnyazntkdm3iwlldtm00szjvtntgd.png,A studio-style close-up of a close-up solitaire-style gold ring with a blue gemstone focus against a charcoal-grey editorial backdrop.,Blue Gemstone Solitaire Ring Refined Diamond Accents Hand-Styled Close-Up on Charcoal Grey,"Blue Gemstone Solitaire Ring Refined Diamond Accents Hand-Styled Close-Up on Charcoal Grey places a solitaire-led silhouette in a hand-styled close-up on a charcoal-grey editorial backdrop, balancing blue gemstone contrast with refined diamond accents and polished yellow-gold styling. Use this pin for Blue Gemstone Gold Ring Sets when you want jewelry content that reads premium, save-worthy, and ready for bridal or luxury inspiration boards.",#bluegemstone #gemstonering #luxurycolor #goldjewelry #luxuryjewelry #pinterestpost #solitairering #bridalring #finejewelry #bluegemstonegoldringsets,"blue gemstone ring, blue gold ring, colored gemstone jewelry, solitaire engagement ring, bridal solitaire jewelry, blue gemstone gold ring sets, charcoal grey jewelry photo, Pinterest jewelry content",Blue Gemstone Gold Ring Sets,Blue Gemstone Gold Ring Sets
Whisk_jzdmmzwn0emn2etmtkdm5ewl1udo00in2gjytkd.png,A studio-style close-up of a close-up solitaire-style gold ring with diamond-forward styling against a rosy clay backdrop.,Diamond Solitaire Ring A Softly Sculpted Profile Centered Portrait on Rose Clay,"Diamond Solitaire Ring A Softly Sculpted Profile Centered Portrait on Rose Clay places a solitaire-led silhouette in a centered portrait on a rosy clay backdrop, balancing diamond brilliance with a softly sculpted profile and polished yellow-gold styling. Use this pin for Diamond Rings when you want jewelry content that reads premium, save-worthy, and ready for bridal or luxury inspiration boards.",#diamondring #finejewelry #engagementring #goldjewelry #luxuryjewelry #pinterestpost #solitairering #bridalring #finejewelry #diamondrings,"diamond ring, clear stone ring, gold engagement ring, solitaire engagement ring, bridal solitaire jewelry, diamond rings, rose clay jewelry photo, Pinterest jewelry content",Diamond Rings,Diamond Rings
Whisk_jzdzyuwolbdm4emytcjmjjwlzuzn00sy0czntmg.png,A studio-style close-up of a close-up solitaire-style gold ring with diamond-forward styling against a rosy clay backdrop.,Diamond Solitaire Ring Bridal-Ready Sparkle Centered Portrait on Rose Clay,"Diamond Solitaire Ring Bridal-Ready Sparkle Centered Portrait on Rose Clay places a solitaire-led silhouette in a centered portrait on a rosy clay backdrop, balancing diamond brilliance with bridal-ready sparkle and polished yellow-gold styling. Use this pin for Diamond Rings when you want jewelry content that reads premium, save-worthy, and ready for bridal or luxury inspiration boards.",#diamondring #finejewelry #engagementring #goldjewelry #luxuryjewelry #pinterestpost #solitairering #bridalring #finejewelry #diamondrings,"diamond ring, clear stone ring, gold engagement ring, solitaire engagement ring, bridal solitaire jewelry, diamond rings, rose clay jewelry photo, Pinterest jewelry content",Diamond Rings,Diamond Rings
Whisk_jztmyimninzn5qdztiwm0gtl5mmn00cmwejytew.png,A studio-style close-up of a close-up solitaire-style gold ring with diamond-forward styling against a deep midnight studio backdrop.,Diamond Solitaire Ring Polished Gold Lines Centered Portrait on Midnight Slate,"Diamond Solitaire Ring Polished Gold Lines Centered Portrait on Midnight Slate places a solitaire-led silhouette in a centered portrait on a deep midnight studio backdrop, balancing diamond brilliance with polished gold lines and polished yellow-gold styling. Use this pin for Diamond Rings when you want jewelry content that reads premium, save-worthy, and ready for bridal or luxury inspiration boards.",#diamondring #finejewelry #engagementring #goldjewelry #luxuryjewelry #pinterestpost #solitairering #bridalring #finejewelry #diamondrings,"diamond ring, clear stone ring, gold engagement ring, solitaire engagement ring, bridal solitaire jewelry, diamond rings, midnight slate jewelry photo, Pinterest jewelry content",Diamond Rings,Diamond Rings
Whisk_kj2y1yzmjzjm1kzmtqwn0ewl5ijn00so5udotqw.png,A studio-style close-up of a layered gold ring stack with diamond-forward styling against a warm taupe background.,Diamond Ring Stack Stacked Bridal Shine Hand-Styled Close-Up on Warm Taupe,"Diamond Ring Stack Stacked Bridal Shine Hand-Styled Close-Up on Warm Taupe places a layered stack with bridal energy in a hand-styled close-up on a warm taupe background, balancing diamond brilliance with stacked bridal shine and polished yellow-gold styling. Use this pin for Diamond Rings when you want jewelry content that reads premium, save-worthy, and ready for bridal or luxury inspiration boards.",#diamondring #finejewelry #engagementring #goldjewelry #luxuryjewelry #pinterestpost #ringstack #bridalset #stackingrings #diamondrings,"diamond ring, clear stone ring, gold engagement ring, gold ring stack, bridal ring set, diamond rings, warm taupe jewelry photo, Pinterest jewelry content",Diamond Rings,Diamond Rings
Whisk_kjwojngo2iwzxczmtigokhtl5czm00cmwqtmtuw.png,A studio-style close-up of a close-up solitaire-style gold ring with diamond-forward styling against a soft neutral studio background.,Diamond Solitaire Ring A Softly Sculpted Profile Right-Framed Editorial on Studio Neutral,"Diamond Solitaire Ring A Softly Sculpted Profile Right-Framed Editorial on Studio Neutral places a solitaire-led silhouette in a right-framed editorial on a soft neutral studio background, balancing diamond brilliance with a softly sculpted profile and polished yellow-gold styling. Use this pin for Diamond Rings when you want jewelry content that reads premium, save-worthy, and ready for bridal or luxury inspiration boards.",#diamondring #finejewelry #engagementring #goldjewelry #luxuryjewelry #pinterestpost #solitairering #bridalring #finejewelry #diamondrings,"diamond ring, clear stone ring, gold engagement ring, solitaire engagement ring, bridal solitaire jewelry, diamond rings, studio neutral jewelry photo, Pinterest jewelry content",Diamond Rings,Diamond Rings
Whisk_krjmmrmy3kdm0czmtgzm0ewlmbzn00cokbtmtgj.png,A studio-style close-up of a close-up solitaire-style gold ring with diamond-forward styling against a rosy clay backdrop.,Diamond Solitaire Ring Bridal-Ready Sparkle Centered Portrait on Rose Clay,"Diamond Solitaire Ring Bridal-Ready Sparkle Centered Portrait on Rose Clay places a solitaire-led silhouette in a centered portrait on a rosy clay backdrop, balancing diamond brilliance with bridal-ready sparkle and polished yellow-gold styling. Use this pin for Diamond Rings when you want jewelry content that reads premium, save-worthy, and ready for bridal or luxury inspiration boards.",#diamondring #finejewelry #engagementring #goldjewelry #luxuryjewelry #pinterestpost #solitairering #bridalring #finejewelry #diamondrings,"diamond ring, clear stone ring, gold engagement ring, solitaire engagement ring, bridal solitaire jewelry, diamond rings, rose clay jewelry photo, Pinterest jewelry content",Diamond Rings,Diamond Rings
Whisk_krzm5azyhndm3gdmtigzhjwl3azn00sm0mjntud.png,A studio-style close-up of a close-up solitaire-style gold ring with diamond-forward styling against a charcoal-grey editorial backdrop.,Diamond Solitaire Ring Polished Gold Lines Centered Portrait on Charcoal Grey,"Diamond Solitaire Ring Polished Gold Lines Centered Portrait on Charcoal Grey places a solitaire-led silhouette in a centered portrait on a charcoal-grey editorial backdrop, balancing diamond brilliance with polished gold lines and polished yellow-gold styling. Use this pin for Diamond Rings when you want jewelry content that reads premium, save-worthy, and ready for bridal or luxury inspiration boards.",#diamondring #finejewelry #engagementring #goldjewelry #luxuryjewelry #pinterestpost #solitairering #bridalring #finejewelry #diamondrings,"diamond ring, clear stone ring, gold engagement ring, solitaire engagement ring, bridal solitaire jewelry, diamond rings, charcoal grey jewelry photo, Pinterest jewelry content",Diamond Rings,Diamond Rings
Whisk_kvdmjrzy3cjmzizmtidoljwl2kjy00yy4kzntez.png,A studio-style close-up of a close-up solitaire-style gold ring with diamond-forward styling against a soft neutral studio background.,Diamond Solitaire Ring Refined Diamond Accents Centered Portrait on Studio Neutral,"Diamond Solitaire Ring Refined Diamond Accents Centered Portrait on Studio Neutral places a solitaire-led silhouette in a centered portrait on a soft neutral studio background, balancing diamond brilliance with refined diamond accents and polished yellow-gold styling. Use this pin for Diamond Rings when you want jewelry content that reads premium, save-worthy, and ready for bridal or luxury inspiration boards.",#diamondring #finejewelry #engagementring #goldjewelry #luxuryjewelry #pinterestpost #solitairering #bridalring #finejewelry #diamondrings,"diamond ring, clear stone ring, gold engagement ring, solitaire engagement ring, bridal solitaire jewelry, diamond rings, studio neutral jewelry photo, Pinterest jewelry content",Diamond Rings,Diamond Rings
Whisk_kvgmwmzn2ujn3qznte2ykltlkr2m00imxmtytcj.png,A studio-style close-up of a close-up solitaire-style gold ring with a blush-toned gemstone accent against a soft neutral studio background.,Blush Solitaire Ring A Softly Sculpted Profile Centered Portrait on Studio Neutral,"Blush Solitaire Ring A Softly Sculpted Profile Centered Portrait on Studio Neutral places a solitaire-led silhouette in a centered portrait on a soft neutral studio background, balancing a blush-toned gemstone mood with a softly sculpted profile and polished yellow-gold styling. Use this pin for Three-stone blush ring set in gold when you want jewelry content that reads premium, save-worthy, and ready for bridal or luxury inspiration boards.",#blushring #romanticjewelry #bridalstyle #goldjewelry #luxuryjewelry #pinterestpost #solitairering #bridalring #finejewelry #threestoneblushringsetingold,"blush gemstone ring, pink gold ring, romantic bridal jewelry, solitaire engagement ring, bridal solitaire jewelry, three-stone blush ring set in gold, studio neutral jewelry photo, Pinterest jewelry content",Three-stone blush ring set in gold,Three-stone blush ring set in gold
Whisk_kz2nzazmhvwnwmzytmzmwiwl0ezm00co2qgmtyd.png,A studio-style close-up of a close-up solitaire-style gold ring with diamond-forward styling against a rosy clay backdrop.,Diamond Solitaire Ring Bridal-Ready Sparkle Centered Portrait on Rose Clay,"Diamond Solitaire Ring Bridal-Ready Sparkle Centered Portrait on Rose Clay places a solitaire-led silhouette in a centered portrait on a rosy clay backdrop, balancing diamond brilliance with bridal-ready sparkle and polished yellow-gold styling. Use this pin for Diamond Rings when you want jewelry content that reads premium, save-worthy, and ready for bridal or luxury inspiration boards.",#diamondring #finejewelry #engagementring #goldjewelry #luxuryjewelry #pinterestpost #solitairering #bridalring #finejewelry #diamondrings,"diamond ring, clear stone ring, gold engagement ring, solitaire engagement ring, bridal solitaire jewelry, diamond rings, rose clay jewelry photo, Pinterest jewelry content",Diamond Rings,Diamond Rings
Whisk_kzjzyejy5cty3igztetmwiwl2kdo00iz1idntet.png,A studio-style close-up of a close-up solitaire-style gold ring with diamond-forward styling against a charcoal-grey editorial backdrop.,Diamond Solitaire Ring Polished Gold Lines Centered Portrait on Charcoal Grey,"Diamond Solitaire Ring Polished Gold Lines Centered Portrait on Charcoal Grey places a solitaire-led silhouette in a centered portrait on a charcoal-grey editorial backdrop, balancing diamond brilliance with polished gold lines and polished yellow-gold styling. Use this pin for Diamond Rings when you want jewelry content that reads premium, save-worthy, and ready for bridal or luxury inspiration boards.",#diamondring #finejewelry #engagementring #goldjewelry #luxuryjewelry #pinterestpost #solitairering #bridalring #finejewelry #diamondrings,"diamond ring, clear stone ring, gold engagement ring, solitaire engagement ring, bridal solitaire jewelry, diamond rings, charcoal grey jewelry photo, Pinterest jewelry content",Diamond Rings,Diamond Rings
Whisk_ldjyxemnzqmmhftmtmmzzgtlzqto00sm2ktotaz.png,A studio-style close-up of a close-up solitaire-style gold ring with a green gemstone center against a soft neutral studio background.,Green Gemstone Solitaire Ring Refined Diamond Accents Centered Portrait on Studio Neutral,"Green Gemstone Solitaire Ring Refined Diamond Accents Centered Portrait on Studio Neutral places a solitaire-led silhouette in a centered portrait on a soft neutral studio background, balancing green gemstone color with refined diamond accents and polished yellow-gold styling. Use this pin for Green Gemstone Gold Rings when you want jewelry content that reads premium, save-worthy, and ready for bridal or luxury inspiration boards.",#greengemstone #gemstonering #coloreddiamondlook #goldjewelry #luxuryjewelry #pinterestpost #solitairering #bridalring #finejewelry #greengemstonegoldrings,"green gemstone ring, green gold ring, colored gemstone jewelry, solitaire engagement ring, bridal solitaire jewelry, green gemstone gold rings, studio neutral jewelry photo, Pinterest jewelry content",Green Gemstone Gold Rings,Green Gemstone Gold Rings
Whisk_ldto2qmn3cty4atytgjn3ktllntz00sn1mtotmz.png,A studio-style close-up of a close-up solitaire-style gold ring with diamond-forward styling against a warm taupe background.,Diamond Solitaire Ring A Softly Sculpted Profile Centered Portrait on Warm Taupe,"Diamond Solitaire Ring A Softly Sculpted Profile Centered Portrait on Warm Taupe places a solitaire-led silhouette in a centered portrait on a warm taupe background, balancing diamond brilliance with a softly sculpted profile and polished yellow-gold styling. Use this pin for Diamond Rings when you want jewelry content that reads premium, save-worthy, and ready for bridal or luxury inspiration boards.",#diamondring #finejewelry #engagementring #goldjewelry #luxuryjewelry #pinterestpost #solitairering #bridalring #finejewelry #diamondrings,"diamond ring, clear stone ring, gold engagement ring, solitaire engagement ring, bridal solitaire jewelry, diamond rings, warm taupe jewelry photo, Pinterest jewelry content",Diamond Rings,Diamond Rings
Whisk_lftz2aznirwoxqjntetnljwlizdo00cz5kjztqd.png,A studio-style close-up of a close-up solitaire-style gold ring with diamond-forward styling against a charcoal-grey editorial backdrop.,Diamond Solitaire Ring Bridal-Ready Sparkle Centered Portrait on Charcoal Grey,"Diamond Solitaire Ring Bridal-Ready Sparkle Centered Portrait on Charcoal Grey places a solitaire-led silhouette in a centered portrait on a charcoal-grey editorial backdrop, balancing diamond brilliance with bridal-ready sparkle and polished yellow-gold styling. Use this pin for Diamond Rings when you want jewelry content that reads premium, save-worthy, and ready for bridal or luxury inspiration boards.",#diamondring #finejewelry #engagementring #goldjewelry #luxuryjewelry #pinterestpost #solitairering #bridalring #finejewelry #diamondrings,"diamond ring, clear stone ring, gold engagement ring, solitaire engagement ring, bridal solitaire jewelry, diamond rings, charcoal grey jewelry photo, Pinterest jewelry content",Diamond Rings,Diamond Rings
Whisk_lhjn0ymzwcjnjnjmtgdnxgtlxato00ym4ywytug.png,A studio-style close-up of a close-up solitaire-style gold ring with diamond-forward styling against a warm taupe background.,Diamond Solitaire Ring Polished Gold Lines Floating Studio Detail on Warm Taupe,"Diamond Solitaire Ring Polished Gold Lines Floating Studio Detail on Warm Taupe places a solitaire-led silhouette in a floating studio detail on a warm taupe background, balancing diamond brilliance with polished gold lines and polished yellow-gold styling. Use this pin for Diamond Rings when you want jewelry content that reads premium, save-worthy, and ready for bridal or luxury inspiration boards.",#diamondring #finejewelry #engagementring #goldjewelry #luxuryjewelry #pinterestpost #solitairering #bridalring #finejewelry #diamondrings,"diamond ring, clear stone ring, gold engagement ring, solitaire engagement ring, bridal solitaire jewelry, diamond rings, warm taupe jewelry photo, Pinterest jewelry content",Diamond Rings,Diamond Rings
Whisk_lhtzyyjmkvdohfzmtqjn2ktl5ygz00co5ytztym.png,A studio-style close-up of a clean-lined gold ring for everyday wear with a yellow gemstone highlight against a clean ivory studio backdrop.,Yellow Gemstone Gold Ring Sleek Modern Balance Centered Portrait on Soft Ivory,"Yellow Gemstone Gold Ring Sleek Modern Balance Centered Portrait on Soft Ivory places a minimal silhouette built for everyday styling in a centered portrait on a clean ivory studio backdrop, balancing yellow gemstone warmth with sleek modern balance and polished yellow-gold styling. Use this pin for Yellow Gemstone Gold Rings when you want jewelry content that reads premium, save-worthy, and ready for bridal or luxury inspiration boards.",#yellowgemstone #goldring #statementjewelry #goldjewelry #luxuryjewelry #pinterestpost #minimaljewelry #dailywearring #moderngold #yellowgemstonegoldrings,"yellow gemstone ring, yellow gold statement ring, colored gemstone jewelry, minimal gold ring, daily wear fine jewelry, yellow gemstone gold rings, soft ivory jewelry photo, Pinterest jewelry content",Yellow Gemstone Gold Rings,Yellow Gemstone Gold Rings
Whisk_lj2nljmm1kdmyutotugmxgtlkzjn00sn4ewmtim.png,A studio-style close-up of a close-up solitaire-style gold ring with diamond-forward styling against a charcoal-grey editorial backdrop.,Diamond Solitaire Ring A Softly Sculpted Profile Centered Portrait on Charcoal Grey,"Diamond Solitaire Ring A Softly Sculpted Profile Centered Portrait on Charcoal Grey places a solitaire-led silhouette in a centered portrait on a charcoal-grey editorial backdrop, balancing diamond brilliance with a softly sculpted profile and polished yellow-gold styling. Use this pin for Diamond Rings when you want jewelry content that reads premium, save-worthy, and ready for bridal or luxury inspiration boards.",#diamondring #finejewelry #engagementring #goldjewelry #luxuryjewelry #pinterestpost #solitairering #bridalring #finejewelry #diamondrings,"diamond ring, clear stone ring, gold engagement ring, solitaire engagement ring, bridal solitaire jewelry, diamond rings, charcoal grey jewelry photo, Pinterest jewelry content",Diamond Rings,Diamond Rings
Whisk_ljdzkfdn2uwoxuzytqwm5iwlzytz00im0izytct.png,A studio-style close-up of a close-up solitaire-style gold ring with a blue gemstone focus against a rosy clay backdrop.,Blue Gemstone Solitaire Ring Bridal-Ready Sparkle Centered Portrait on Rose Clay,"Blue Gemstone Solitaire Ring Bridal-Ready Sparkle Centered Portrait on Rose Clay places a solitaire-led silhouette in a centered portrait on a rosy clay backdrop, balancing blue gemstone contrast with bridal-ready sparkle and polished yellow-gold styling. Use this pin for Blue Gemstone Gold Ring Sets when you want jewelry content that reads premium, save-worthy, and ready for bridal or luxury inspiration boards.",#bluegemstone #gemstonering #luxurycolor #goldjewelry #luxuryjewelry #pinterestpost #solitairering #bridalring #finejewelry #bluegemstonegoldringsets,"blue gemstone ring, blue gold ring, colored gemstone jewelry, solitaire engagement ring, bridal solitaire jewelry, blue gemstone gold ring sets, rose clay jewelry photo, Pinterest jewelry content",Blue Gemstone Gold Ring Sets,Blue Gemstone Gold Ring Sets
Whisk_ljtmwimymjzmmjtmtgjnxiwl1qtm00cowcjztqz.png,A studio-style close-up of a close-up solitaire-style gold ring with a blue gemstone focus against a charcoal-grey editorial backdrop.,Blue Gemstone Solitaire Ring Polished Gold Lines Centered Portrait on Charcoal Grey,"Blue Gemstone Solitaire Ring Polished Gold Lines Centered Portrait on Charcoal Grey places a solitaire-led silhouette in a centered portrait on a charcoal-grey editorial backdrop, balancing blue gemstone contrast with polished gold lines and polished yellow-gold styling. Use this pin for Blue Gemstone Gold Ring Sets when you want jewelry content that reads premium, save-worthy, and ready for bridal or luxury inspiration boards.",#bluegemstone #gemstonering #luxurycolor #goldjewelry #luxuryjewelry #pinterestpost #solitairering #bridalring #finejewelry #bluegemstonegoldringsets,"blue gemstone ring, blue gold ring, colored gemstone jewelry, solitaire engagement ring, bridal solitaire jewelry, blue gemstone gold ring sets, charcoal grey jewelry photo, Pinterest jewelry content",Blue Gemstone Gold Ring Sets,Blue Gemstone Gold Ring Sets
Whisk_lldn1qzyjvzyibtotytn1iwlyq2y00sowutntat.png,A studio-style close-up of a close-up solitaire-style gold ring with a yellow gemstone highlight against a charcoal-grey editorial backdrop.,Yellow Gemstone Solitaire Ring Refined Diamond Accents Centered Portrait on Charcoal Grey,"Yellow Gemstone Solitaire Ring Refined Diamond Accents Centered Portrait on Charcoal Grey places a solitaire-led silhouette in a centered portrait on a charcoal-grey editorial backdrop, balancing yellow gemstone warmth with refined diamond accents and polished yellow-gold styling. Use this pin for Yellow Gemstone Gold Rings when you want jewelry content that reads premium, save-worthy, and ready for bridal or luxury inspiration boards.",#yellowgemstone #goldring #statementjewelry #goldjewelry #luxuryjewelry #pinterestpost #solitairering #bridalring #finejewelry #yellowgemstonegoldrings,"yellow gemstone ring, yellow gold statement ring, colored gemstone jewelry, solitaire engagement ring, bridal solitaire jewelry, yellow gemstone gold rings, charcoal grey jewelry photo, Pinterest jewelry content",Yellow Gemstone Gold Rings,Yellow Gemstone Gold Rings
Whisk_lltmxmjmzewy4gjmtqgzxewl1e2n00czycjmtmd.png,A studio-style close-up of a close-up solitaire-style gold ring with diamond-forward styling against a rosy clay backdrop.,Diamond Solitaire Ring A Softly Sculpted Profile Centered Portrait on Rose Clay,"Diamond Solitaire Ring A Softly Sculpted Profile Centered Portrait on Rose Clay places a solitaire-led silhouette in a centered portrait on a rosy clay backdrop, balancing diamond brilliance with a softly sculpted profile and polished yellow-gold styling. Use this pin for Diamond Rings when you want jewelry content that reads premium, save-worthy, and ready for bridal or luxury inspiration boards.",#diamondring #finejewelry #engagementring #goldjewelry #luxuryjewelry #pinterestpost #solitairering #bridalring #finejewelry #diamondrings,"diamond ring, clear stone ring, gold engagement ring, solitaire engagement ring, bridal solitaire jewelry, diamond rings, rose clay jewelry photo, Pinterest jewelry content",Diamond Rings,Diamond Rings
Whisk_lrdmjzwm0igz1azytctnxewlhvwn00imifznte2.png,A studio-style close-up of a close-up solitaire-style gold ring with diamond-forward styling against a warm taupe background.,Diamond Solitaire Ring Bridal-Ready Sparkle Centered Portrait on Warm Taupe,"Diamond Solitaire Ring Bridal-Ready Sparkle Centered Portrait on Warm Taupe places a solitaire-led silhouette in a centered portrait on a warm taupe background, balancing diamond brilliance with bridal-ready sparkle and polished yellow-gold styling. Use this pin for Diamond Rings when you want jewelry content that reads premium, save-worthy, and ready for bridal or luxury inspiration boards.",#diamondring #finejewelry #engagementring #goldjewelry #luxuryjewelry #pinterestpost #solitairering #bridalring #finejewelry #diamondrings,"diamond ring, clear stone ring, gold engagement ring, solitaire engagement ring, bridal solitaire jewelry, diamond rings, warm taupe jewelry photo, Pinterest jewelry content",Diamond Rings,Diamond Rings
Whisk_lrgnxemnwcznxktntktm5ewlwijm00cmyuwmtew.png,A studio-style close-up of a close-up solitaire-style gold ring with diamond-forward styling against a rosy clay backdrop.,Diamond Solitaire Ring Polished Gold Lines Centered Portrait on Rose Clay,"Diamond Solitaire Ring Polished Gold Lines Centered Portrait on Rose Clay places a solitaire-led silhouette in a centered portrait on a rosy clay backdrop, balancing diamond brilliance with polished gold lines and polished yellow-gold styling. Use this pin for Diamond Rings when you want jewelry content that reads premium, save-worthy, and ready for bridal or luxury inspiration boards.",#diamondring #finejewelry #engagementring #goldjewelry #luxuryjewelry #pinterestpost #solitairering #bridalring #finejewelry #diamondrings,"diamond ring, clear stone ring, gold engagement ring, solitaire engagement ring, bridal solitaire jewelry, diamond rings, rose clay jewelry photo, Pinterest jewelry content",Diamond Rings,Diamond Rings
Whisk_lrjmyugo0qmnjntotymyzewl2umy00iy3immtkd.png,A studio-style close-up of a close-up solitaire-style gold ring with diamond-forward styling against a soft neutral studio background.,Diamond Solitaire Ring Refined Diamond Accents Centered Portrait on Studio Neutral,"Diamond Solitaire Ring Refined Diamond Accents Centered Portrait on Studio Neutral places a solitaire-led silhouette in a centered portrait on a soft neutral studio background, balancing diamond brilliance with refined diamond accents and polished yellow-gold styling. Use this pin for Diamond Rings when you want jewelry content that reads premium, save-worthy, and ready for bridal or luxury inspiration boards.",#diamondring #finejewelry #engagementring #goldjewelry #luxuryjewelry #pinterestpost #solitairering #bridalring #finejewelry #diamondrings,"diamond ring, clear stone ring, gold engagement ring, solitaire engagement ring, bridal solitaire jewelry, diamond rings, studio neutral jewelry photo, Pinterest jewelry content",Diamond Rings,Diamond Rings
Whisk_lrtz5cdo4atm0mdztuwohhtlmndm00cohhtntuw.png,A studio-style close-up of a close-up solitaire-style gold ring with a blue gemstone focus against a charcoal-grey editorial backdrop.,Blue Gemstone Solitaire Ring A Softly Sculpted Profile Centered Portrait on Charcoal Grey,"Blue Gemstone Solitaire Ring A Softly Sculpted Profile Centered Portrait on Charcoal Grey places a solitaire-led silhouette in a centered portrait on a charcoal-grey editorial backdrop, balancing blue gemstone contrast with a softly sculpted profile and polished yellow-gold styling. Use this pin for Blue Gemstone Gold Ring Sets when you want jewelry content that reads premium, save-worthy, and ready for bridal or luxury inspiration boards.",#bluegemstone #gemstonering #luxurycolor #goldjewelry #luxuryjewelry #pinterestpost #solitairering #bridalring #finejewelry #bluegemstonegoldringsets,"blue gemstone ring, blue gold ring, colored gemstone jewelry, solitaire engagement ring, bridal solitaire jewelry, blue gemstone gold ring sets, charcoal grey jewelry photo, Pinterest jewelry content",Blue Gemstone Gold Ring Sets,Blue Gemstone Gold Ring Sets
Whisk_lv2m0yto4qwzyummtazm3gtl0e2n00ymxajztad.png,A studio-style close-up of a close-up solitaire-style gold ring with diamond-forward styling against a charcoal-grey editorial backdrop.,Diamond Solitaire Ring Bridal-Ready Sparkle Hand-Styled Close-Up on Charcoal Grey,"Diamond Solitaire Ring Bridal-Ready Sparkle Hand-Styled Close-Up on Charcoal Grey places a solitaire-led silhouette in a hand-styled close-up on a charcoal-grey editorial backdrop, balancing diamond brilliance with bridal-ready sparkle and polished yellow-gold styling. Use this pin for Diamond Rings when you want jewelry content that reads premium, save-worthy, and ready for bridal or luxury inspiration boards.",#diamondring #finejewelry #engagementring #goldjewelry #luxuryjewelry #pinterestpost #solitairering #bridalring #finejewelry #diamondrings,"diamond ring, clear stone ring, gold engagement ring, solitaire engagement ring, bridal solitaire jewelry, diamond rings, charcoal grey jewelry photo, Pinterest jewelry content",Diamond Rings,Diamond Rings
Whisk_lv2yymto0gznmnwytmgomhtlyyzy00sm1etztug.png,A studio-style close-up of a layered gold ring stack with a blue gemstone focus against a powder-blue studio backdrop.,Blue Gemstone Ring Stack Layered Gold Bands Floating Studio Detail on Powder Blue,"Blue Gemstone Ring Stack Layered Gold Bands Floating Studio Detail on Powder Blue places a layered stack with bridal energy in a floating studio detail on a powder-blue studio backdrop, balancing blue gemstone contrast with layered gold bands and polished yellow-gold styling. Use this pin for Blue Gemstone Gold Ring Sets when you want jewelry content that reads premium, save-worthy, and ready for bridal or luxury inspiration boards.",#bluegemstone #gemstonering #luxurycolor #goldjewelry #luxuryjewelry #pinterestpost #ringstack #bridalset #stackingrings #bluegemstonegoldringsets,"blue gemstone ring, blue gold ring, colored gemstone jewelry, gold ring stack, bridal ring set, blue gemstone gold ring sets, powder blue jewelry photo, Pinterest jewelry content",Blue Gemstone Gold Ring Sets,Blue Gemstone Gold Ring Sets
Whisk_lz2nklzn0ety4ktytqjyhltlxmzy00cmjdzytut.png,A studio-style close-up of a close-up solitaire-style gold ring with diamond-forward styling against a rosy clay backdrop.,Diamond Solitaire Ring Refined Diamond Accents Centered Portrait on Rose Clay,"Diamond Solitaire Ring Refined Diamond Accents Centered Portrait on Rose Clay places a solitaire-led silhouette in a centered portrait on a rosy clay backdrop, balancing diamond brilliance with refined diamond accents and polished yellow-gold styling. Use this pin for Diamond Rings when you want jewelry content that reads premium, save-worthy, and ready for bridal or luxury inspiration boards.",#diamondring #finejewelry #engagementring #goldjewelry #luxuryjewelry #pinterestpost #solitairering #bridalring #finejewelry #diamondrings,"diamond ring, clear stone ring, gold engagement ring, solitaire engagement ring, bridal solitaire jewelry, diamond rings, rose clay jewelry photo, Pinterest jewelry content",Diamond Rings,Diamond Rings
Whisk_lzdoxmwokfdm2mwotujmxiwl4kjm00imwuwotiw.png,A studio-style close-up of a close-up solitaire-style gold ring with a blue gemstone focus against a rosy clay backdrop.,Blue Gemstone Solitaire Ring A Softly Sculpted Profile Hand-Styled Close-Up on Rose Clay,"Blue Gemstone Solitaire Ring A Softly Sculpted Profile Hand-Styled Close-Up on Rose Clay places a solitaire-led silhouette in a hand-styled close-up on a rosy clay backdrop, balancing blue gemstone contrast with a softly sculpted profile and polished yellow-gold styling. Use this pin for Blue Gemstone Gold Ring Sets when you want jewelry content that reads premium, save-worthy, and ready for bridal or luxury inspiration boards.",#bluegemstone #gemstonering #luxurycolor #goldjewelry #luxuryjewelry #pinterestpost #solitairering #bridalring #finejewelry #bluegemstonegoldringsets,"blue gemstone ring, blue gold ring, colored gemstone jewelry, solitaire engagement ring, bridal solitaire jewelry, blue gemstone gold ring sets, rose clay jewelry photo, Pinterest jewelry content",Blue Gemstone Gold Ring Sets,Blue Gemstone Gold Ring Sets
Whisk_mdtz0mdz3kdm3y2ntutzifwlwmjz00im3qzmtid.png,A studio-style close-up of a close-up solitaire-style gold ring with a green gemstone center against a charcoal-grey editorial backdrop.,Green Gemstone Solitaire Ring Bridal-Ready Sparkle Centered Portrait on Charcoal Grey,"Green Gemstone Solitaire Ring Bridal-Ready Sparkle Centered Portrait on Charcoal Grey places a solitaire-led silhouette in a centered portrait on a charcoal-grey editorial backdrop, balancing green gemstone color with bridal-ready sparkle and polished yellow-gold styling. Use this pin for Green Gemstone Gold Rings when you want jewelry content that reads premium, save-worthy, and ready for bridal or luxury inspiration boards.",#greengemstone #gemstonering #coloreddiamondlook #goldjewelry #luxuryjewelry #pinterestpost #solitairering #bridalring #finejewelry #greengemstonegoldrings,"green gemstone ring, green gold ring, colored gemstone jewelry, solitaire engagement ring, bridal solitaire jewelry, green gemstone gold rings, charcoal grey jewelry photo, Pinterest jewelry content",Green Gemstone Gold Rings,Green Gemstone Gold Rings
Whisk_mfdmwytzin2mjr2ytmdzlhtlxmwy00cz1qgntym (1).png,A studio-style close-up of a close-up solitaire-style gold ring with diamond-forward styling against a warm taupe background.,Diamond Solitaire Ring Polished Gold Lines Centered Portrait on Warm Taupe,"Diamond Solitaire Ring Polished Gold Lines Centered Portrait on Warm Taupe places a solitaire-led silhouette in a centered portrait on a warm taupe background, balancing diamond brilliance with polished gold lines and polished yellow-gold styling. Use this pin for Diamond Rings when you want jewelry content that reads premium, save-worthy, and ready for bridal or luxury inspiration boards.",#diamondring #finejewelry #engagementring #goldjewelry #luxuryjewelry #pinterestpost #solitairering #bridalring #finejewelry #diamondrings,"diamond ring, clear stone ring, gold engagement ring, solitaire engagement ring, bridal solitaire jewelry, diamond rings, warm taupe jewelry photo, Pinterest jewelry content",Diamond Rings,Diamond Rings
Whisk_mj2myydm4ctnkdtztywohjwl4emz00snjnwntid.png,A studio-style close-up of a close-up solitaire-style gold ring with diamond-forward styling against a rosy clay backdrop.,Diamond Solitaire Ring Refined Diamond Accents Centered Portrait on Rose Clay,"Diamond Solitaire Ring Refined Diamond Accents Centered Portrait on Rose Clay places a solitaire-led silhouette in a centered portrait on a rosy clay backdrop, balancing diamond brilliance with refined diamond accents and polished yellow-gold styling. Use this pin for Diamond Rings when you want jewelry content that reads premium, save-worthy, and ready for bridal or luxury inspiration boards.",#diamondring #finejewelry #engagementring #goldjewelry #luxuryjewelry #pinterestpost #solitairering #bridalring #finejewelry #diamondrings,"diamond ring, clear stone ring, gold engagement ring, solitaire engagement ring, bridal solitaire jewelry, diamond rings, rose clay jewelry photo, Pinterest jewelry content",Diamond Rings,Diamond Rings
Whisk_mn2nhzgo3mwz5utotgto5iwlkrjn00co1ezntug.png,A studio-style close-up of a close-up solitaire-style gold ring with a yellow gemstone highlight against a warm taupe background.,Yellow Gemstone Solitaire Ring A Softly Sculpted Profile Centered Portrait on Warm Taupe,"Yellow Gemstone Solitaire Ring A Softly Sculpted Profile Centered Portrait on Warm Taupe places a solitaire-led silhouette in a centered portrait on a warm taupe background, balancing yellow gemstone warmth with a softly sculpted profile and polished yellow-gold styling. Use this pin for Yellow Gemstone Gold Rings when you want jewelry content that reads premium, save-worthy, and ready for bridal or luxury inspiration boards.",#yellowgemstone #goldring #statementjewelry #goldjewelry #luxuryjewelry #pinterestpost #solitairering #bridalring #finejewelry #yellowgemstonegoldrings,"yellow gemstone ring, yellow gold statement ring, colored gemstone jewelry, solitaire engagement ring, bridal solitaire jewelry, yellow gemstone gold rings, warm taupe jewelry photo, Pinterest jewelry content",Yellow Gemstone Gold Rings,Yellow Gemstone Gold Rings
Whisk_mr2mintykfmz1mmytidnyiwlxizm00snxkdotmm.png,A studio-style close-up of a bold statement gold ring composition with a green gemstone center against a sage-toned background.,Green Gemstone Statement Ring Elevated Editorial Glamour Centered Portrait on Sage Green,"Green Gemstone Statement Ring Elevated Editorial Glamour Centered Portrait on Sage Green places a statement profile with editorial presence in a centered portrait on a sage-toned background, balancing green gemstone color with elevated editorial glamour and polished yellow-gold styling. Use this pin for Green Gemstone Gold Rings when you want jewelry content that reads premium, save-worthy, and ready for bridal or luxury inspiration boards.",#greengemstone #gemstonering #coloreddiamondlook #goldjewelry #luxuryjewelry #pinterestpost #statementring #editorialjewelry #boldgold #greengemstonegoldrings,"green gemstone ring, green gold ring, colored gemstone jewelry, statement gold ring, luxury editorial jewelry, green gemstone gold rings, sage green jewelry photo, Pinterest jewelry content",Green Gemstone Gold Rings,Green Gemstone Gold Rings
Whisk_mrznjnmmyitymljztgdnlltl3ijn00coymtytkt.png,A studio-style close-up of a close-up solitaire-style gold ring with a blue gemstone focus against a warm taupe background.,Blue Gemstone Solitaire Ring Polished Gold Lines Centered Portrait on Warm Taupe,"Blue Gemstone Solitaire Ring Polished Gold Lines Centered Portrait on Warm Taupe places a solitaire-led silhouette in a centered portrait on a warm taupe background, balancing blue gemstone contrast with polished gold lines and polished yellow-gold styling. Use this pin for Blue Gemstone Gold Ring Sets when you want jewelry content that reads premium, save-worthy, and ready for bridal or luxury inspiration boards.",#bluegemstone #gemstonering #luxurycolor #goldjewelry #luxuryjewelry #pinterestpost #solitairering #bridalring #finejewelry #bluegemstonegoldringsets,"blue gemstone ring, blue gold ring, colored gemstone jewelry, solitaire engagement ring, bridal solitaire jewelry, blue gemstone gold ring sets, warm taupe jewelry photo, Pinterest jewelry content",Blue Gemstone Gold Ring Sets,Blue Gemstone Gold Ring Sets
Whisk_mvtnxydozytmmnmmtezn1ktljlzm00cz0ijmtew.png,A studio-style close-up of a close-up solitaire-style gold ring with diamond-forward styling against a warm taupe background.,Diamond Solitaire Ring Refined Diamond Accents Centered Portrait on Warm Taupe,"Diamond Solitaire Ring Refined Diamond Accents Centered Portrait on Warm Taupe places a solitaire-led silhouette in a centered portrait on a warm taupe background, balancing diamond brilliance with refined diamond accents and polished yellow-gold styling. Use this pin for Diamond Rings when you want jewelry content that reads premium, save-worthy, and ready for bridal or luxury inspiration boards.",#diamondring #finejewelry #engagementring #goldjewelry #luxuryjewelry #pinterestpost #solitairering #bridalring #finejewelry #diamondrings,"diamond ring, clear stone ring, gold engagement ring, solitaire engagement ring, bridal solitaire jewelry, diamond rings, warm taupe jewelry photo, Pinterest jewelry content",Diamond Rings,Diamond Rings
Whisk_mvty5qmn1idm0kdotewnyktl2i2y00imiftotym.png,A studio-style close-up of a close-up solitaire-style gold ring with diamond-forward styling against a warm taupe background.,Diamond Solitaire Ring A Softly Sculpted Profile Centered Portrait on Warm Taupe,"Diamond Solitaire Ring A Softly Sculpted Profile Centered Portrait on Warm Taupe places a solitaire-led silhouette in a centered portrait on a warm taupe background, balancing diamond brilliance with a softly sculpted profile and polished yellow-gold styling. Use this pin for Diamond Rings when you want jewelry content that reads premium, save-worthy, and ready for bridal or luxury inspiration boards.",#diamondring #finejewelry #engagementring #goldjewelry #luxuryjewelry #pinterestpost #solitairering #bridalring #finejewelry #diamondrings,"diamond ring, clear stone ring, gold engagement ring, solitaire engagement ring, bridal solitaire jewelry, diamond rings, warm taupe jewelry photo, Pinterest jewelry content",Diamond Rings,Diamond Rings
Whisk_mvznidzn5egm2egntqtmkltl0mwy00smwqmmtew.png,A studio-style close-up of a close-up solitaire-style gold ring with diamond-forward styling against a soft neutral studio background.,Diamond Solitaire Ring Bridal-Ready Sparkle Centered Portrait on Studio Neutral,"Diamond Solitaire Ring Bridal-Ready Sparkle Centered Portrait on Studio Neutral places a solitaire-led silhouette in a centered portrait on a soft neutral studio background, balancing diamond brilliance with bridal-ready sparkle and polished yellow-gold styling. Use this pin for Diamond Rings when you want jewelry content that reads premium, save-worthy, and ready for bridal or luxury inspiration boards.",#diamondring #finejewelry #engagementring #goldjewelry #luxuryjewelry #pinterestpost #solitairering #bridalring #finejewelry #diamondrings,"diamond ring, clear stone ring, gold engagement ring, solitaire engagement ring, bridal solitaire jewelry, diamond rings, studio neutral jewelry photo, Pinterest jewelry content",Diamond Rings,Diamond Rings
Whisk_mzdnmjjn3ugzizmytejmlltliz2y00ym1itztyj.png,A studio-style close-up of a close-up solitaire-style gold ring with diamond-forward styling against a charcoal-grey editorial backdrop.,Diamond Solitaire Ring Polished Gold Lines Centered Portrait on Charcoal Grey,"Diamond Solitaire Ring Polished Gold Lines Centered Portrait on Charcoal Grey places a solitaire-led silhouette in a centered portrait on a charcoal-grey editorial backdrop, balancing diamond brilliance with polished gold lines and polished yellow-gold styling. Use this pin for Diamond Rings when you want jewelry content that reads premium, save-worthy, and ready for bridal or luxury inspiration boards.",#diamondring #finejewelry #engagementring #goldjewelry #luxuryjewelry #pinterestpost #solitairering #bridalring #finejewelry #diamondrings,"diamond ring, clear stone ring, gold engagement ring, solitaire engagement ring, bridal solitaire jewelry, diamond rings, charcoal grey jewelry photo, Pinterest jewelry content",Diamond Rings,Diamond Rings
Whisk_watz2ign2ido3ydztkzm3iwlkvto00co3udntqz.png,A studio-style close-up of a close-up solitaire-style gold ring with a green gemstone center against a soft neutral studio background.,Green Gemstone Solitaire Ring Refined Diamond Accents Centered Portrait on Studio Neutral,"Green Gemstone Solitaire Ring Refined Diamond Accents Centered Portrait on Studio Neutral places a solitaire-led silhouette in a centered portrait on a soft neutral studio background, balancing green gemstone color with refined diamond accents and polished yellow-gold styling. Use this pin for Green Gemstone Gold Rings when you want jewelry content that reads premium, save-worthy, and ready for bridal or luxury inspiration boards.",#greengemstone #gemstonering #coloreddiamondlook #goldjewelry #luxuryjewelry #pinterestpost #solitairering #bridalring #finejewelry #greengemstonegoldrings,"green gemstone ring, green gold ring, colored gemstone jewelry, solitaire engagement ring, bridal solitaire jewelry, green gemstone gold rings, studio neutral jewelry photo, Pinterest jewelry content",Green Gemstone Gold Rings,Green Gemstone Gold Rings
Whisk_wejzhrzy5ezmmhtztednmfwl5ito00szzcjztyw.png,A studio-style close-up of a close-up solitaire-style gold ring with a blush-toned gemstone accent against a rosy clay backdrop.,Blush Solitaire Ring A Softly Sculpted Profile Centered Portrait on Rose Clay,"Blush Solitaire Ring A Softly Sculpted Profile Centered Portrait on Rose Clay places a solitaire-led silhouette in a centered portrait on a rosy clay backdrop, balancing a blush-toned gemstone mood with a softly sculpted profile and polished yellow-gold styling. Use this pin for Three-stone blush ring set in gold when you want jewelry content that reads premium, save-worthy, and ready for bridal or luxury inspiration boards.",#blushring #romanticjewelry #bridalstyle #goldjewelry #luxuryjewelry #pinterestpost #solitairering #bridalring #finejewelry #threestoneblushringsetingold,"blush gemstone ring, pink gold ring, romantic bridal jewelry, solitaire engagement ring, bridal solitaire jewelry, three-stone blush ring set in gold, rose clay jewelry photo, Pinterest jewelry content",Three-stone blush ring set in gold,Three-stone blush ring set in gold
Whisk_wetokngmknwzlbzytkdnlfwlymtn00iyjbdmtat.png,A studio-style close-up of a close-up solitaire-style gold ring with diamond-forward styling against a warm taupe background.,Diamond Solitaire Ring Bridal-Ready Sparkle Centered Portrait on Warm Taupe,"Diamond Solitaire Ring Bridal-Ready Sparkle Centered Portrait on Warm Taupe places a solitaire-led silhouette in a centered portrait on a warm taupe background, balancing diamond brilliance with bridal-ready sparkle and polished yellow-gold styling. Use this pin for Diamond Rings when you want jewelry content that reads premium, save-worthy, and ready for bridal or luxury inspiration boards.",#diamondring #finejewelry #engagementring #goldjewelry #luxuryjewelry #pinterestpost #solitairering #bridalring #finejewelry #diamondrings,"diamond ring, clear stone ring, gold engagement ring, solitaire engagement ring, bridal solitaire jewelry, diamond rings, warm taupe jewelry photo, Pinterest jewelry content",Diamond Rings,Diamond Rings
Whisk_wewz3kdzmlzyzgjmtumz3iwl2ewz00sz4ywmtet.png,A studio-style close-up of a close-up solitaire-style gold ring with a blue gemstone focus against a soft neutral studio background.,Blue Gemstone Solitaire Ring Polished Gold Lines Centered Portrait on Studio Neutral,"Blue Gemstone Solitaire Ring Polished Gold Lines Centered Portrait on Studio Neutral places a solitaire-led silhouette in a centered portrait on a soft neutral studio background, balancing blue gemstone contrast with polished gold lines and polished yellow-gold styling. Use this pin for Blue Gemstone Gold Ring Sets when you want jewelry content that reads premium, save-worthy, and ready for bridal or luxury inspiration boards.",#bluegemstone #gemstonering #luxurycolor #goldjewelry #luxuryjewelry #pinterestpost #solitairering #bridalring #finejewelry #bluegemstonegoldringsets,"blue gemstone ring, blue gold ring, colored gemstone jewelry, solitaire engagement ring, bridal solitaire jewelry, blue gemstone gold ring sets, studio neutral jewelry photo, Pinterest jewelry content",Blue Gemstone Gold Ring Sets,Blue Gemstone Gold Ring Sets
Whisk_wewzkzdoihdnxcjytqgm3ewlzijz00ym0gjztiw.png,A studio-style close-up of a close-up solitaire-style gold ring with diamond-forward styling against a soft neutral studio background.,Diamond Solitaire Ring Refined Diamond Accents Centered Portrait on Studio Neutral,"Diamond Solitaire Ring Refined Diamond Accents Centered Portrait on Studio Neutral places a solitaire-led silhouette in a centered portrait on a soft neutral studio background, balancing diamond brilliance with refined diamond accents and polished yellow-gold styling. Use this pin for Diamond Rings when you want jewelry content that reads premium, save-worthy, and ready for bridal or luxury inspiration boards.",#diamondring #finejewelry #engagementring #goldjewelry #luxuryjewelry #pinterestpost #solitairering #bridalring #finejewelry #diamondrings,"diamond ring, clear stone ring, gold engagement ring, solitaire engagement ring, bridal solitaire jewelry, diamond rings, studio neutral jewelry photo, Pinterest jewelry content",Diamond Rings,Diamond Rings
Whisk_wimzmn2y0emnwejztmwomhtlwujm00soijwytaz.png,A studio-style close-up of a close-up solitaire-style gold ring with diamond-forward styling against a warm taupe background.,Diamond Solitaire Ring A Softly Sculpted Profile Centered Portrait on Warm Taupe,"Diamond Solitaire Ring A Softly Sculpted Profile Centered Portrait on Warm Taupe places a solitaire-led silhouette in a centered portrait on a warm taupe background, balancing diamond brilliance with a softly sculpted profile and polished yellow-gold styling. Use this pin for Diamond Rings when you want jewelry content that reads premium, save-worthy, and ready for bridal or luxury inspiration boards.",#diamondring #finejewelry #engagementring #goldjewelry #luxuryjewelry #pinterestpost #solitairering #bridalring #finejewelry #diamondrings,"diamond ring, clear stone ring, gold engagement ring, solitaire engagement ring, bridal solitaire jewelry, diamond rings, warm taupe jewelry photo, Pinterest jewelry content",Diamond Rings,Diamond Rings
Whisk_wkzmyuzyhhdnwutytmgokltlmr2y00inirdntqt.png,A studio-style close-up of a close-up solitaire-style gold ring with a blue gemstone focus against a powder-blue studio backdrop.,Blue Gemstone Solitaire Ring Bridal-Ready Sparkle Floating Studio Detail on Powder Blue,"Blue Gemstone Solitaire Ring Bridal-Ready Sparkle Floating Studio Detail on Powder Blue places a solitaire-led silhouette in a floating studio detail on a powder-blue studio backdrop, balancing blue gemstone contrast with bridal-ready sparkle and polished yellow-gold styling. Use this pin for Blue Gemstone Gold Ring Sets when you want jewelry content that reads premium, save-worthy, and ready for bridal or luxury inspiration boards.",#bluegemstone #gemstonering #luxurycolor #goldjewelry #luxuryjewelry #pinterestpost #solitairering #bridalring #finejewelry #bluegemstonegoldringsets,"blue gemstone ring, blue gold ring, colored gemstone jewelry, solitaire engagement ring, bridal solitaire jewelry, blue gemstone gold ring sets, powder blue jewelry photo, Pinterest jewelry content",Blue Gemstone Gold Ring Sets,Blue Gemstone Gold Ring Sets
Whisk_wq2n0edn0y2n3azntqwywgtlkjjn00yykldotaz.png,A studio-style close-up of a close-up solitaire-style gold ring with a blue gemstone focus against a powder-blue studio backdrop.,Blue Gemstone Solitaire Ring Polished Gold Lines Centered Portrait on Powder Blue,"Blue Gemstone Solitaire Ring Polished Gold Lines Centered Portrait on Powder Blue places a solitaire-led silhouette in a centered portrait on a powder-blue studio backdrop, balancing blue gemstone contrast with polished gold lines and polished yellow-gold styling. Use this pin for Blue Gemstone Gold Ring Sets when you want jewelry content that reads premium, save-worthy, and ready for bridal or luxury inspiration boards.",#bluegemstone #gemstonering #luxurycolor #goldjewelry #luxuryjewelry #pinterestpost #solitairering #bridalring #finejewelry #bluegemstonegoldringsets,"blue gemstone ring, blue gold ring, colored gemstone jewelry, solitaire engagement ring, bridal solitaire jewelry, blue gemstone gold ring sets, powder blue jewelry photo, Pinterest jewelry content",Blue Gemstone Gold Ring Sets,Blue Gemstone Gold Ring Sets
Whisk_wqgnirgzjbtyhjzytewojhtlkzmm00syhjtntut.png,A studio-style close-up of a close-up solitaire-style gold ring with a blush-toned gemstone accent against a deep midnight studio backdrop.,Blush Solitaire Ring Refined Diamond Accents Centered Portrait on Midnight Slate,"Blush Solitaire Ring Refined Diamond Accents Centered Portrait on Midnight Slate places a solitaire-led silhouette in a centered portrait on a deep midnight studio backdrop, balancing a blush-toned gemstone mood with refined diamond accents and polished yellow-gold styling. Use this pin for Modern Halo and Solitaire Rings when you want jewelry content that reads premium, save-worthy, and ready for bridal or luxury inspiration boards.",#blushring #romanticjewelry #bridalstyle #goldjewelry #luxuryjewelry #pinterestpost #solitairering #bridalring #finejewelry #modernhaloandsolitairerings,"blush gemstone ring, pink gold ring, romantic bridal jewelry, solitaire engagement ring, bridal solitaire jewelry, modern halo and solitaire rings, midnight slate jewelry photo, Pinterest jewelry content",Modern Halo and Solitaire Rings,Modern Halo and Solitaire Rings
Whisk_wqtywijykrgo0cjztqgz2iwlwcjm00izwqgotit.png,A studio-style close-up of a close-up solitaire-style gold ring with a blue gemstone focus against a charcoal-grey editorial backdrop.,Blue Gemstone Solitaire Ring A Softly Sculpted Profile Centered Portrait on Charcoal Grey,"Blue Gemstone Solitaire Ring A Softly Sculpted Profile Centered Portrait on Charcoal Grey places a solitaire-led silhouette in a centered portrait on a charcoal-grey editorial backdrop, balancing blue gemstone contrast with a softly sculpted profile and polished yellow-gold styling. Use this pin for Blue Gemstone Gold Ring Sets when you want jewelry content that reads premium, save-worthy, and ready for bridal or luxury inspiration boards.",#bluegemstone #gemstonering #luxurycolor #goldjewelry #luxuryjewelry #pinterestpost #solitairering #bridalring #finejewelry #bluegemstonegoldringsets,"blue gemstone ring, blue gold ring, colored gemstone jewelry, solitaire engagement ring, bridal solitaire jewelry, blue gemstone gold ring sets, charcoal grey jewelry photo, Pinterest jewelry content",Blue Gemstone Gold Ring Sets,Blue Gemstone Gold Ring Sets
Whisk_wqwz1cdoibjm2itztutowiwl2gty00szlfjztid.png,A studio-style close-up of a close-up solitaire-style gold ring with diamond-forward styling against a soft neutral studio background.,Diamond Solitaire Ring Bridal-Ready Sparkle Centered Portrait on Studio Neutral,"Diamond Solitaire Ring Bridal-Ready Sparkle Centered Portrait on Studio Neutral places a solitaire-led silhouette in a centered portrait on a soft neutral studio background, balancing diamond brilliance with bridal-ready sparkle and polished yellow-gold styling. Use this pin for Diamond Rings when you want jewelry content that reads premium, save-worthy, and ready for bridal or luxury inspiration boards.",#diamondring #finejewelry #engagementring #goldjewelry #luxuryjewelry #pinterestpost #solitairering #bridalring #finejewelry #diamondrings,"diamond ring, clear stone ring, gold engagement ring, solitaire engagement ring, bridal solitaire jewelry, diamond rings, studio neutral jewelry photo, Pinterest jewelry content",Diamond Rings,Diamond Rings
Whisk_wujzlnwokvmyifmztmjzifwlirzy00soze2ytqz.png,A studio-style close-up of a close-up solitaire-style gold ring with diamond-forward styling against a soft neutral studio background.,Diamond Solitaire Ring Polished Gold Lines Centered Portrait on Studio Neutral,"Diamond Solitaire Ring Polished Gold Lines Centered Portrait on Studio Neutral places a solitaire-led silhouette in a centered portrait on a soft neutral studio background, balancing diamond brilliance with polished gold lines and polished yellow-gold styling. Use this pin for Diamond Rings when you want jewelry content that reads premium, save-worthy, and ready for bridal or luxury inspiration boards.",#diamondring #finejewelry #engagementring #goldjewelry #luxuryjewelry #pinterestpost #solitairering #bridalring #finejewelry #diamondrings,"diamond ring, clear stone ring, gold engagement ring, solitaire engagement ring, bridal solitaire jewelry, diamond rings, studio neutral jewelry photo, Pinterest jewelry content",Diamond Rings,Diamond Rings
Whisk_wuwn2qwzwmdz2ewntqznhfwl1ugm00sy0mmmtmd.png,A studio-style close-up of a close-up solitaire-style gold ring with diamond-forward styling against a warm taupe background.,Diamond Solitaire Ring Refined Diamond Accents Centered Portrait on Warm Taupe,"Diamond Solitaire Ring Refined Diamond Accents Centered Portrait on Warm Taupe places a solitaire-led silhouette in a centered portrait on a warm taupe background, balancing diamond brilliance with refined diamond accents and polished yellow-gold styling. Use this pin for Diamond Rings when you want jewelry content that reads premium, save-worthy, and ready for bridal or luxury inspiration boards.",#diamondring #finejewelry #engagementring #goldjewelry #luxuryjewelry #pinterestpost #solitairering #bridalring #finejewelry #diamondrings,"diamond ring, clear stone ring, gold engagement ring, solitaire engagement ring, bridal solitaire jewelry, diamond rings, warm taupe jewelry photo, Pinterest jewelry content",Diamond Rings,Diamond Rings
Whisk_wuwnymdomzmzxudztymz4gtl1emn00coyadotmw.png,A studio-style close-up of a close-up solitaire-style gold ring with a green gemstone center against a charcoal-grey editorial backdrop.,Green Gemstone Solitaire Ring A Softly Sculpted Profile Right-Framed Editorial on Charcoal Grey,"Green Gemstone Solitaire Ring A Softly Sculpted Profile Right-Framed Editorial on Charcoal Grey places a solitaire-led silhouette in a right-framed editorial on a charcoal-grey editorial backdrop, balancing green gemstone color with a softly sculpted profile and polished yellow-gold styling. Use this pin for Green Gemstone Gold Rings when you want jewelry content that reads premium, save-worthy, and ready for bridal or luxury inspiration boards.",#greengemstone #gemstonering #coloreddiamondlook #goldjewelry #luxuryjewelry #pinterestpost #solitairering #bridalring #finejewelry #greengemstonegoldrings,"green gemstone ring, green gold ring, colored gemstone jewelry, solitaire engagement ring, bridal solitaire jewelry, green gemstone gold rings, charcoal grey jewelry photo, Pinterest jewelry content",Green Gemstone Gold Rings,Green Gemstone Gold Rings
Whisk_wyznxujmjzwoyu2ntytohltlkndz00ymwutytcd.png,A studio-style close-up of a close-up solitaire-style gold ring with diamond-forward styling against a warm taupe background.,Diamond Solitaire Ring Bridal-Ready Sparkle Centered Portrait on Warm Taupe,"Diamond Solitaire Ring Bridal-Ready Sparkle Centered Portrait on Warm Taupe places a solitaire-led silhouette in a centered portrait on a warm taupe background, balancing diamond brilliance with bridal-ready sparkle and polished yellow-gold styling. Use this pin for Diamond Rings when you want jewelry content that reads premium, save-worthy, and ready for bridal or luxury inspiration boards.",#diamondring #finejewelry #engagementring #goldjewelry #luxuryjewelry #pinterestpost #solitairering #bridalring #finejewelry #diamondrings,"diamond ring, clear stone ring, gold engagement ring, solitaire engagement ring, bridal solitaire jewelry, diamond rings, warm taupe jewelry photo, Pinterest jewelry content",Diamond Rings,Diamond Rings
Whisk_xadz0yjnzewn3uzyti2n2ewlinjn00sm3igotum.png,A studio-style close-up of a close-up solitaire-style gold ring with diamond-forward styling against a warm taupe background.,Diamond Solitaire Ring Polished Gold Lines Centered Portrait on Warm Taupe,"Diamond Solitaire Ring Polished Gold Lines Centered Portrait on Warm Taupe places a solitaire-led silhouette in a centered portrait on a warm taupe background, balancing diamond brilliance with polished gold lines and polished yellow-gold styling. Use this pin for Diamond Rings when you want jewelry content that reads premium, save-worthy, and ready for bridal or luxury inspiration boards.",#diamondring #finejewelry #engagementring #goldjewelry #luxuryjewelry #pinterestpost #solitairering #bridalring #finejewelry #diamondrings,"diamond ring, clear stone ring, gold engagement ring, solitaire engagement ring, bridal solitaire jewelry, diamond rings, warm taupe jewelry photo, Pinterest jewelry content",Diamond Rings,Diamond Rings
Whisk_xctmzgjy1adokhdztigmxiwl0ctn00cozmdotyz.png,A studio-style close-up of a close-up solitaire-style gold ring with diamond-forward styling against a rosy clay backdrop.,Diamond Solitaire Ring Refined Diamond Accents Centered Portrait on Rose Clay,"Diamond Solitaire Ring Refined Diamond Accents Centered Portrait on Rose Clay places a solitaire-led silhouette in a centered portrait on a rosy clay backdrop, balancing diamond brilliance with refined diamond accents and polished yellow-gold styling. Use this pin for Diamond Rings when you want jewelry content that reads premium, save-worthy, and ready for bridal or luxury inspiration boards.",#diamondring #finejewelry #engagementring #goldjewelry #luxuryjewelry #pinterestpost #solitairering #bridalring #finejewelry #diamondrings,"diamond ring, clear stone ring, gold engagement ring, solitaire engagement ring, bridal solitaire jewelry, diamond rings, rose clay jewelry photo, Pinterest jewelry content",Diamond Rings,Diamond Rings
Whisk_xewoiztnhrmyxmmmte2mihtlknjy00so5ctztem.png,A studio-style close-up of a close-up solitaire-style gold ring with a blue gemstone focus against a rosy clay backdrop.,Blue Gemstone Solitaire Ring A Softly Sculpted Profile Centered Portrait on Rose Clay,"Blue Gemstone Solitaire Ring A Softly Sculpted Profile Centered Portrait on Rose Clay places a solitaire-led silhouette in a centered portrait on a rosy clay backdrop, balancing blue gemstone contrast with a softly sculpted profile and polished yellow-gold styling. Use this pin for Blue Gemstone Gold Ring Sets when you want jewelry content that reads premium, save-worthy, and ready for bridal or luxury inspiration boards.",#bluegemstone #gemstonering #luxurycolor #goldjewelry #luxuryjewelry #pinterestpost #solitairering #bridalring #finejewelry #bluegemstonegoldringsets,"blue gemstone ring, blue gold ring, colored gemstone jewelry, solitaire engagement ring, bridal solitaire jewelry, blue gemstone gold ring sets, rose clay jewelry photo, Pinterest jewelry content",Blue Gemstone Gold Ring Sets,Blue Gemstone Gold Ring Sets
Whisk_xgdnjzzm1gdn0czytqjnlhtlwm2y00cz1yjmtym.png,A studio-style close-up of a close-up solitaire-style gold ring with diamond-forward styling against a soft neutral studio background.,Diamond Solitaire Ring Bridal-Ready Sparkle Centered Portrait on Studio Neutral,"Diamond Solitaire Ring Bridal-Ready Sparkle Centered Portrait on Studio Neutral places a solitaire-led silhouette in a centered portrait on a soft neutral studio background, balancing diamond brilliance with bridal-ready sparkle and polished yellow-gold styling. Use this pin for Diamond Rings when you want jewelry content that reads premium, save-worthy, and ready for bridal or luxury inspiration boards.",#diamondring #finejewelry #engagementring #goldjewelry #luxuryjewelry #pinterestpost #solitairering #bridalring #finejewelry #diamondrings,"diamond ring, clear stone ring, gold engagement ring, solitaire engagement ring, bridal solitaire jewelry, diamond rings, studio neutral jewelry photo, Pinterest jewelry content",Diamond Rings,Diamond Rings
Whisk_xgzy0gjmwgjn1qmyte2y3iwlzugm00sowqwotcj.png,A studio-style close-up of a close-up solitaire-style gold ring with diamond-forward styling against a rosy clay backdrop.,Diamond Solitaire Ring Polished Gold Lines Centered Portrait on Rose Clay,"Diamond Solitaire Ring Polished Gold Lines Centered Portrait on Rose Clay places a solitaire-led silhouette in a centered portrait on a rosy clay backdrop, balancing diamond brilliance with polished gold lines and polished yellow-gold styling. Use this pin for Diamond Rings when you want jewelry content that reads premium, save-worthy, and ready for bridal or luxury inspiration boards.",#diamondring #finejewelry #engagementring #goldjewelry #luxuryjewelry #pinterestpost #solitairering #bridalring #finejewelry #diamondrings,"diamond ring, clear stone ring, gold engagement ring, solitaire engagement ring, bridal solitaire jewelry, diamond rings, rose clay jewelry photo, Pinterest jewelry content",Diamond Rings,Diamond Rings
Whisk_xmtn5mgz1etoxizntiwnijwlkrdn00syhfwntyj.png,A studio-style close-up of a close-up solitaire-style gold ring with diamond-forward styling against a warm taupe background.,Diamond Solitaire Ring Refined Diamond Accents Centered Portrait on Warm Taupe,"Diamond Solitaire Ring Refined Diamond Accents Centered Portrait on Warm Taupe places a solitaire-led silhouette in a centered portrait on a warm taupe background, balancing diamond brilliance with refined diamond accents and polished yellow-gold styling. Use this pin for Diamond Rings when you want jewelry content that reads premium, save-worthy, and ready for bridal or luxury inspiration boards.",#diamondring #finejewelry #engagementring #goldjewelry #luxuryjewelry #pinterestpost #solitairering #bridalring #finejewelry #diamondrings,"diamond ring, clear stone ring, gold engagement ring, solitaire engagement ring, bridal solitaire jewelry, diamond rings, warm taupe jewelry photo, Pinterest jewelry content",Diamond Rings,Diamond Rings
Whisk_xmwmmjmnyazn2atmtezn1ewlyazy00czjvjztct.png,A studio-style close-up of a close-up solitaire-style gold ring with a green gemstone center against a charcoal-grey editorial backdrop.,Green Gemstone Solitaire Ring A Softly Sculpted Profile Centered Portrait on Charcoal Grey,"Green Gemstone Solitaire Ring A Softly Sculpted Profile Centered Portrait on Charcoal Grey places a solitaire-led silhouette in a centered portrait on a charcoal-grey editorial backdrop, balancing green gemstone color with a softly sculpted profile and polished yellow-gold styling. Use this pin for Green Gemstone Gold Rings when you want jewelry content that reads premium, save-worthy, and ready for bridal or luxury inspiration boards.",#greengemstone #gemstonering #coloreddiamondlook #goldjewelry #luxuryjewelry #pinterestpost #solitairering #bridalring #finejewelry #greengemstonegoldrings,"green gemstone ring, green gold ring, colored gemstone jewelry, solitaire engagement ring, bridal solitaire jewelry, green gemstone gold rings, charcoal grey jewelry photo, Pinterest jewelry content",Green Gemstone Gold Rings,Green Gemstone Gold Rings
Whisk_xqmnyqjnlfgmzizntudojhtljjjm00imjzmnted.png,A studio-style close-up of a close-up solitaire-style gold ring with diamond-forward styling against a rosy clay backdrop.,Diamond Solitaire Ring Bridal-Ready Sparkle Floating Studio Detail on Rose Clay,"Diamond Solitaire Ring Bridal-Ready Sparkle Floating Studio Detail on Rose Clay places a solitaire-led silhouette in a floating studio detail on a rosy clay backdrop, balancing diamond brilliance with bridal-ready sparkle and polished yellow-gold styling. Use this pin for Diamond Rings when you want jewelry content that reads premium, save-worthy, and ready for bridal or luxury inspiration boards.",#diamondring #finejewelry #engagementring #goldjewelry #luxuryjewelry #pinterestpost #solitairering #bridalring #finejewelry #diamondrings,"diamond ring, clear stone ring, gold engagement ring, solitaire engagement ring, bridal solitaire jewelry, diamond rings, rose clay jewelry photo, Pinterest jewelry content",Diamond Rings,Diamond Rings
Whisk_xugnjrmnxidnwewotcjz0ewlmndm00imwy2mtug.png,A studio-style close-up of a close-up solitaire-style gold ring with a blue gemstone focus against a soft neutral studio background.,Blue Gemstone Solitaire Ring Polished Gold Lines Hand-Styled Close-Up on Studio Neutral,"Blue Gemstone Solitaire Ring Polished Gold Lines Hand-Styled Close-Up on Studio Neutral places a solitaire-led silhouette in a hand-styled close-up on a soft neutral studio background, balancing blue gemstone contrast with polished gold lines and polished yellow-gold styling. Use this pin for Blue Gemstone Gold Ring Sets when you want jewelry content that reads premium, save-worthy, and ready for bridal or luxury inspiration boards.",#bluegemstone #gemstonering #luxurycolor #goldjewelry #luxuryjewelry #pinterestpost #solitairering #bridalring #finejewelry #bluegemstonegoldringsets,"blue gemstone ring, blue gold ring, colored gemstone jewelry, solitaire engagement ring, bridal solitaire jewelry, blue gemstone gold ring sets, studio neutral jewelry photo, Pinterest jewelry content",Blue Gemstone Gold Ring Sets,Blue Gemstone Gold Ring Sets
Whisk_xumymfwm5ctoyutntigojltl0y2n00cohvdztig.png,A studio-style close-up of a layered gold ring stack with diamond-forward styling against a soft neutral studio background.,Diamond Ring Stack Stacked Bridal Shine Centered Portrait on Studio Neutral,"Diamond Ring Stack Stacked Bridal Shine Centered Portrait on Studio Neutral places a layered stack with bridal energy in a centered portrait on a soft neutral studio background, balancing diamond brilliance with stacked bridal shine and polished yellow-gold styling. Use this pin for Diamond Rings when you want jewelry content that reads premium, save-worthy, and ready for bridal or luxury inspiration boards.",#diamondring #finejewelry #engagementring #goldjewelry #luxuryjewelry #pinterestpost #ringstack #bridalset #stackingrings #diamondrings,"diamond ring, clear stone ring, gold engagement ring, gold ring stack, bridal ring set, diamond rings, studio neutral jewelry photo, Pinterest jewelry content",Diamond Rings,Diamond Rings
Whisk_xy2myugzwygz5gtmtmdnwiwl3imm00yy5ytotcj.png,A studio-style close-up of a close-up solitaire-style gold ring with diamond-forward styling against a warm taupe background.,Diamond Solitaire Ring A Softly Sculpted Profile Centered Portrait on Warm Taupe,"Diamond Solitaire Ring A Softly Sculpted Profile Centered Portrait on Warm Taupe places a solitaire-led silhouette in a centered portrait on a warm taupe background, balancing diamond brilliance with a softly sculpted profile and polished yellow-gold styling. Use this pin for Diamond Rings when you want jewelry content that reads premium, save-worthy, and ready for bridal or luxury inspiration boards.",#diamondring #finejewelry #engagementring #goldjewelry #luxuryjewelry #pinterestpost #solitairering #bridalring #finejewelry #diamondrings,"diamond ring, clear stone ring, gold engagement ring, solitaire engagement ring, bridal solitaire jewelry, diamond rings, warm taupe jewelry photo, Pinterest jewelry content",Diamond Rings,Diamond Rings
Whisk_xydzjhdzmhjy0ygntqjy4ktlhjjm00snmzwntej.png,A studio-style close-up of a close-up solitaire-style gold ring with diamond-forward styling against a rosy clay backdrop.,Diamond Solitaire Ring Bridal-Ready Sparkle Centered Portrait on Rose Clay,"Diamond Solitaire Ring Bridal-Ready Sparkle Centered Portrait on Rose Clay places a solitaire-led silhouette in a centered portrait on a rosy clay backdrop, balancing diamond brilliance with bridal-ready sparkle and polished yellow-gold styling. Use this pin for Diamond Rings when you want jewelry content that reads premium, save-worthy, and ready for bridal or luxury inspiration boards.",#diamondring #finejewelry #engagementring #goldjewelry #luxuryjewelry #pinterestpost #solitairering #bridalring #finejewelry #diamondrings,"diamond ring, clear stone ring, gold engagement ring, solitaire engagement ring, bridal solitaire jewelry, diamond rings, rose clay jewelry photo, Pinterest jewelry content",Diamond Rings,Diamond Rings
Whisk_xywmzydoyqdn1ywntydn3ktlzmzn00yn4atytm2.png,A studio-style close-up of a layered gold ring stack with a yellow gemstone highlight against a rosy clay backdrop.,Yellow Gemstone Gold Stack Layered Gold Bands Centered Portrait on Rose Clay,"Yellow Gemstone Gold Stack Layered Gold Bands Centered Portrait on Rose Clay places a layered stack with bridal energy in a centered portrait on a rosy clay backdrop, balancing yellow gemstone warmth with layered gold bands and polished yellow-gold styling. Use this pin for Yellow Gemstone Gold Rings when you want jewelry content that reads premium, save-worthy, and ready for bridal or luxury inspiration boards.",#yellowgemstone #goldring #statementjewelry #goldjewelry #luxuryjewelry #pinterestpost #ringstack #bridalset #stackingrings #yellowgemstonegoldrings,"yellow gemstone ring, yellow gold statement ring, colored gemstone jewelry, gold ring stack, bridal ring set, yellow gemstone gold rings, rose clay jewelry photo, Pinterest jewelry content",Yellow Gemstone Gold Rings,Yellow Gemstone Gold Rings
Whisk_yadm2qgzzudn4imytmgn1ewl1egz00ymhv2ytcj.png,A studio-style close-up of a close-up solitaire-style gold ring with diamond-forward styling against a rosy clay backdrop.,Diamond Solitaire Ring Refined Diamond Accents Centered Portrait on Rose Clay,"Diamond Solitaire Ring Refined Diamond Accents Centered Portrait on Rose Clay places a solitaire-led silhouette in a centered portrait on a rosy clay backdrop, balancing diamond brilliance with refined diamond accents and polished yellow-gold styling. Use this pin for Diamond Rings when you want jewelry content that reads premium, save-worthy, and ready for bridal or luxury inspiration boards.",#diamondring #finejewelry #engagementring #goldjewelry #luxuryjewelry #pinterestpost #solitairering #bridalring #finejewelry #diamondrings,"diamond ring, clear stone ring, gold engagement ring, solitaire engagement ring, bridal solitaire jewelry, diamond rings, rose clay jewelry photo, Pinterest jewelry content",Diamond Rings,Diamond Rings
Whisk_ycdmihtn4idnkldntmdokltl1umm00smwkjytcd.png,A studio-style close-up of a close-up solitaire-style gold ring with diamond-forward styling against a charcoal-grey editorial backdrop.,Diamond Solitaire Ring A Softly Sculpted Profile Centered Portrait on Charcoal Grey,"Diamond Solitaire Ring A Softly Sculpted Profile Centered Portrait on Charcoal Grey places a solitaire-led silhouette in a centered portrait on a charcoal-grey editorial backdrop, balancing diamond brilliance with a softly sculpted profile and polished yellow-gold styling. Use this pin for Diamond Rings when you want jewelry content that reads premium, save-worthy, and ready for bridal or luxury inspiration boards.",#diamondring #finejewelry #engagementring #goldjewelry #luxuryjewelry #pinterestpost #solitairering #bridalring #finejewelry #diamondrings,"diamond ring, clear stone ring, gold engagement ring, solitaire engagement ring, bridal solitaire jewelry, diamond rings, charcoal grey jewelry photo, Pinterest jewelry content",Diamond Rings,Diamond Rings
Whisk_yczn0ejnwqmnkfgotczywktl4ajz00cnzcdntqw.png,A studio-style close-up of a close-up solitaire-style gold ring with diamond-forward styling against a soft neutral studio background.,Diamond Solitaire Ring Bridal-Ready Sparkle Centered Portrait on Studio Neutral,"Diamond Solitaire Ring Bridal-Ready Sparkle Centered Portrait on Studio Neutral places a solitaire-led silhouette in a centered portrait on a soft neutral studio background, balancing diamond brilliance with bridal-ready sparkle and polished yellow-gold styling. Use this pin for Diamond Rings when you want jewelry content that reads premium, save-worthy, and ready for bridal or luxury inspiration boards.",#diamondring #finejewelry #engagementring #goldjewelry #luxuryjewelry #pinterestpost #solitairering #bridalring #finejewelry #diamondrings,"diamond ring, clear stone ring, gold engagement ring, solitaire engagement ring, bridal solitaire jewelry, diamond rings, studio neutral jewelry photo, Pinterest jewelry content",Diamond Rings,Diamond Rings
Whisk_yejm4mwo5ytzljtotywz2gtllfdm00ymwy2ytud.png,A studio-style close-up of a layered gold ring stack with a green gemstone center against a soft neutral studio background.,Green Gemstone Ring Stack Layered Gold Bands Centered Portrait on Studio Neutral,"Green Gemstone Ring Stack Layered Gold Bands Centered Portrait on Studio Neutral places a layered stack with bridal energy in a centered portrait on a soft neutral studio background, balancing green gemstone color with layered gold bands and polished yellow-gold styling. Use this pin for Green Gemstone Gold Rings when you want jewelry content that reads premium, save-worthy, and ready for bridal or luxury inspiration boards.",#greengemstone #gemstonering #coloreddiamondlook #goldjewelry #luxuryjewelry #pinterestpost #ringstack #bridalset #stackingrings #greengemstonegoldrings,"green gemstone ring, green gold ring, colored gemstone jewelry, gold ring stack, bridal ring set, green gemstone gold rings, studio neutral jewelry photo, Pinterest jewelry content",Green Gemstone Gold Rings,Green Gemstone Gold Rings
Whisk_ygdn0ymnhvmnmvwnte2ymltl3utn00izymmntgt.png,A studio-style close-up of a close-up solitaire-style gold ring with diamond-forward styling against a warm taupe background.,Diamond Solitaire Ring Refined Diamond Accents Right-Framed Editorial on Warm Taupe,"Diamond Solitaire Ring Refined Diamond Accents Right-Framed Editorial on Warm Taupe places a solitaire-led silhouette in a right-framed editorial on a warm taupe background, balancing diamond brilliance with refined diamond accents and polished yellow-gold styling. Use this pin for Diamond Rings when you want jewelry content that reads premium, save-worthy, and ready for bridal or luxury inspiration boards.",#diamondring #finejewelry #engagementring #goldjewelry #luxuryjewelry #pinterestpost #solitairering #bridalring #finejewelry #diamondrings,"diamond ring, clear stone ring, gold engagement ring, solitaire engagement ring, bridal solitaire jewelry, diamond rings, warm taupe jewelry photo, Pinterest jewelry content",Diamond Rings,Diamond Rings
Whisk_ygtz4ytmizjyykzntmwzyiwlzimm00soibdmtkj.png,A studio-style close-up of a close-up solitaire-style gold ring with a blush-toned gemstone accent against a soft neutral studio background.,Blush Solitaire Ring A Softly Sculpted Profile Centered Portrait on Studio Neutral,"Blush Solitaire Ring A Softly Sculpted Profile Centered Portrait on Studio Neutral places a solitaire-led silhouette in a centered portrait on a soft neutral studio background, balancing a blush-toned gemstone mood with a softly sculpted profile and polished yellow-gold styling. Use this pin for Three-stone blush ring set in gold when you want jewelry content that reads premium, save-worthy, and ready for bridal or luxury inspiration boards.",#blushring #romanticjewelry #bridalstyle #goldjewelry #luxuryjewelry #pinterestpost #solitairering #bridalring #finejewelry #threestoneblushringsetingold,"blush gemstone ring, pink gold ring, romantic bridal jewelry, solitaire engagement ring, bridal solitaire jewelry, three-stone blush ring set in gold, studio neutral jewelry photo, Pinterest jewelry content",Three-stone blush ring set in gold,Three-stone blush ring set in gold
Whisk_yqdo4ctoxmjn1qzntm2nmjwl5ktn00cnzkjztmd.png,A studio-style close-up of a layered gold ring stack with diamond-forward styling against a rosy clay backdrop.,Diamond Ring Stack A Curated Jewelry Stack Centered Portrait on Rose Clay,"Diamond Ring Stack A Curated Jewelry Stack Centered Portrait on Rose Clay places a layered stack with bridal energy in a centered portrait on a rosy clay backdrop, balancing diamond brilliance with a curated jewelry stack and polished yellow-gold styling. Use this pin for Diamond Rings when you want jewelry content that reads premium, save-worthy, and ready for bridal or luxury inspiration boards.",#diamondring #finejewelry #engagementring #goldjewelry #luxuryjewelry #pinterestpost #ringstack #bridalset #stackingrings #diamondrings,"diamond ring, clear stone ring, gold engagement ring, gold ring stack, bridal ring set, diamond rings, rose clay jewelry photo, Pinterest jewelry content",Diamond Rings,Diamond Rings
Whisk_yqgmldtohbdnxutytadmifwljftm00iz3ijztaj.png,A studio-style close-up of a close-up solitaire-style gold ring with diamond-forward styling against a warm taupe background.,Diamond Solitaire Ring Polished Gold Lines Centered Portrait on Warm Taupe,"Diamond Solitaire Ring Polished Gold Lines Centered Portrait on Warm Taupe places a solitaire-led silhouette in a centered portrait on a warm taupe background, balancing diamond brilliance with polished gold lines and polished yellow-gold styling. Use this pin for Diamond Rings when you want jewelry content that reads premium, save-worthy, and ready for bridal or luxury inspiration boards.",#diamondring #finejewelry #engagementring #goldjewelry #luxuryjewelry #pinterestpost #solitairering #bridalring #finejewelry #diamondrings,"diamond ring, clear stone ring, gold engagement ring, solitaire engagement ring, bridal solitaire jewelry, diamond rings, warm taupe jewelry photo, Pinterest jewelry content",Diamond Rings,Diamond Rings
Whisk_yqwo4q2mifty2cjntuwohhtl0ytm00imkljmtqg.png,A studio-style close-up of a close-up solitaire-style gold ring with a green gemstone center against a soft neutral studio background.,Green Gemstone Solitaire Ring Refined Diamond Accents Centered Portrait on Studio Neutral,"Green Gemstone Solitaire Ring Refined Diamond Accents Centered Portrait on Studio Neutral places a solitaire-led silhouette in a centered portrait on a soft neutral studio background, balancing green gemstone color with refined diamond accents and polished yellow-gold styling. Use this pin for Green Gemstone Gold Rings when you want jewelry content that reads premium, save-worthy, and ready for bridal or luxury inspiration boards.",#greengemstone #gemstonering #coloreddiamondlook #goldjewelry #luxuryjewelry #pinterestpost #solitairering #bridalring #finejewelry #greengemstonegoldrings,"green gemstone ring, green gold ring, colored gemstone jewelry, solitaire engagement ring, bridal solitaire jewelry, green gemstone gold rings, studio neutral jewelry photo, Pinterest jewelry content",Green Gemstone Gold Rings,Green Gemstone Gold Rings
Whisk_yujy3qwzzmjz1mmytemz2ktlzyjm00snwu2ytim.png,A studio-style close-up of a close-up solitaire-style gold ring with diamond-forward styling against a rosy clay backdrop.,Diamond Solitaire Ring A Softly Sculpted Profile Centered Portrait on Rose Clay,"Diamond Solitaire Ring A Softly Sculpted Profile Centered Portrait on Rose Clay places a solitaire-led silhouette in a centered portrait on a rosy clay backdrop, balancing diamond brilliance with a softly sculpted profile and polished yellow-gold styling. Use this pin for Diamond Rings when you want jewelry content that reads premium, save-worthy, and ready for bridal or luxury inspiration boards.",#diamondring #finejewelry #engagementring #goldjewelry #luxuryjewelry #pinterestpost #solitairering #bridalring #finejewelry #diamondrings,"diamond ring, clear stone ring, gold engagement ring, solitaire engagement ring, bridal solitaire jewelry, diamond rings, rose clay jewelry photo, Pinterest jewelry content",Diamond Rings,Diamond Rings
Whisk_yutyjzdoxmzy2qgztuto5ktlxuwy00sozejnte2.png,A studio-style close-up of a close-up solitaire-style gold ring with diamond-forward styling against a soft neutral studio background.,Diamond Solitaire Ring Bridal-Ready Sparkle Centered Portrait on Studio Neutral,"Diamond Solitaire Ring Bridal-Ready Sparkle Centered Portrait on Studio Neutral places a solitaire-led silhouette in a centered portrait on a soft neutral studio background, balancing diamond brilliance with bridal-ready sparkle and polished yellow-gold styling. Use this pin for Diamond Rings when you want jewelry content that reads premium, save-worthy, and ready for bridal or luxury inspiration boards.",#diamondring #finejewelry #engagementring #goldjewelry #luxuryjewelry #pinterestpost #solitairering #bridalring #finejewelry #diamondrings,"diamond ring, clear stone ring, gold engagement ring, solitaire engagement ring, bridal solitaire jewelry, diamond rings, studio neutral jewelry photo, Pinterest jewelry content",Diamond Rings,Diamond Rings
Whisk_yyjyxugoxqwm2mwotqtm3ewljzjn00czyidmtyd.png,A studio-style close-up of a close-up solitaire-style gold ring with a blush-toned gemstone accent against a soft neutral studio background.,Blush Solitaire Ring Polished Gold Lines Centered Portrait on Studio Neutral,"Blush Solitaire Ring Polished Gold Lines Centered Portrait on Studio Neutral places a solitaire-led silhouette in a centered portrait on a soft neutral studio background, balancing a blush-toned gemstone mood with polished gold lines and polished yellow-gold styling. Use this pin for Three-stone blush ring set in gold when you want jewelry content that reads premium, save-worthy, and ready for bridal or luxury inspiration boards.",#blushring #romanticjewelry #bridalstyle #goldjewelry #luxuryjewelry #pinterestpost #solitairering #bridalring #finejewelry #threestoneblushringsetingold,"blush gemstone ring, pink gold ring, romantic bridal jewelry, solitaire engagement ring, bridal solitaire jewelry, three-stone blush ring set in gold, studio neutral jewelry photo, Pinterest jewelry content",Three-stone blush ring set in gold,Three-stone blush ring set in gold
Whisk_yymyzgtyyyjm3ujntydmlltlkvgo00coyewotew.png,A studio-style close-up of a close-up solitaire-style gold ring with a green gemstone center against a sage-toned background.,Green Gemstone Solitaire Ring Refined Diamond Accents Right-Framed Editorial on Sage Green,"Green Gemstone Solitaire Ring Refined Diamond Accents Right-Framed Editorial on Sage Green places a solitaire-led silhouette in a right-framed editorial on a sage-toned background, balancing green gemstone color with refined diamond accents and polished yellow-gold styling. Use this pin for Green Gemstone Gold Rings when you want jewelry content that reads premium, save-worthy, and ready for bridal or luxury inspiration boards.",#greengemstone #gemstonering #coloreddiamondlook #goldjewelry #luxuryjewelry #pinterestpost #solitairering #bridalring #finejewelry #greengemstonegoldrings,"green gemstone ring, green gold ring, colored gemstone jewelry, solitaire engagement ring, bridal solitaire jewelry, green gemstone gold rings, sage green jewelry photo, Pinterest jewelry content",Green Gemstone Gold Rings,Green Gemstone Gold Rings
Whisk_zewm4qtzlvgnyu2ntejnxgtlkldo00sy5ywmtgt.png,A studio-style close-up of a close-up solitaire-style gold ring with diamond-forward styling against a deep midnight studio backdrop.,Diamond Solitaire Ring A Softly Sculpted Profile Right-Framed Editorial on Midnight Slate,"Diamond Solitaire Ring A Softly Sculpted Profile Right-Framed Editorial on Midnight Slate places a solitaire-led silhouette in a right-framed editorial on a deep midnight studio backdrop, balancing diamond brilliance with a softly sculpted profile and polished yellow-gold styling. Use this pin for Diamond Rings when you want jewelry content that reads premium, save-worthy, and ready for bridal or luxury inspiration boards.",#diamondring #finejewelry #engagementring #goldjewelry #luxuryjewelry #pinterestpost #solitairering #bridalring #finejewelry #diamondrings,"diamond ring, clear stone ring, gold engagement ring, solitaire engagement ring, bridal solitaire jewelry, diamond rings, midnight slate jewelry photo, Pinterest jewelry content",Diamond Rings,Diamond Rings
Whisk_zgtm0mwoiftm3qwmtijz1ewlwyty00izyywmtct.png,A studio-style close-up of a close-up solitaire-style gold ring with a green gemstone center against a charcoal-grey editorial backdrop.,Green Gemstone Solitaire Ring Bridal-Ready Sparkle Left-Framed Editorial on Charcoal Grey,"Green Gemstone Solitaire Ring Bridal-Ready Sparkle Left-Framed Editorial on Charcoal Grey places a solitaire-led silhouette in a left-framed editorial on a charcoal-grey editorial backdrop, balancing green gemstone color with bridal-ready sparkle and polished yellow-gold styling. Use this pin for Green Gemstone Gold Rings when you want jewelry content that reads premium, save-worthy, and ready for bridal or luxury inspiration boards.",#greengemstone #gemstonering #coloreddiamondlook #goldjewelry #luxuryjewelry #pinterestpost #solitairering #bridalring #finejewelry #greengemstonegoldrings,"green gemstone ring, green gold ring, colored gemstone jewelry, solitaire engagement ring, bridal solitaire jewelry, green gemstone gold rings, charcoal grey jewelry photo, Pinterest jewelry content",Green Gemstone Gold Rings,Green Gemstone Gold Rings
Whisk_zgzymn2n2uwy3ujytegmkhtlwajm00cnjjgmtij.png,A studio-style close-up of a close-up solitaire-style gold ring with a blue gemstone focus against a powder-blue studio backdrop.,Blue Gemstone Solitaire Ring Polished Gold Lines Hand-Styled Close-Up on Powder Blue,"Blue Gemstone Solitaire Ring Polished Gold Lines Hand-Styled Close-Up on Powder Blue places a solitaire-led silhouette in a hand-styled close-up on a powder-blue studio backdrop, balancing blue gemstone contrast with polished gold lines and polished yellow-gold styling. Use this pin for Blue Gemstone Gold Ring Sets when you want jewelry content that reads premium, save-worthy, and ready for bridal or luxury inspiration boards.",#bluegemstone #gemstonering #luxurycolor #goldjewelry #luxuryjewelry #pinterestpost #solitairering #bridalring #finejewelry #bluegemstonegoldringsets,"blue gemstone ring, blue gold ring, colored gemstone jewelry, solitaire engagement ring, bridal solitaire jewelry, blue gemstone gold ring sets, powder blue jewelry photo, Pinterest jewelry content",Blue Gemstone Gold Ring Sets,Blue Gemstone Gold Ring Sets
Whisk_zkzy3ewm5uwn0admtiwo4ewlkv2n00symhzntyd.png,A studio-style close-up of a close-up solitaire-style gold ring with diamond-forward styling against a rosy clay backdrop.,Diamond Solitaire Ring Refined Diamond Accents Centered Portrait on Rose Clay,"Diamond Solitaire Ring Refined Diamond Accents Centered Portrait on Rose Clay places a solitaire-led silhouette in a centered portrait on a rosy clay backdrop, balancing diamond brilliance with refined diamond accents and polished yellow-gold styling. Use this pin for Diamond Rings when you want jewelry content that reads premium, save-worthy, and ready for bridal or luxury inspiration boards.",#diamondring #finejewelry #engagementring #goldjewelry #luxuryjewelry #pinterestpost #solitairering #bridalring #finejewelry #diamondrings,"diamond ring, clear stone ring, gold engagement ring, solitaire engagement ring, bridal solitaire jewelry, diamond rings, rose clay jewelry photo, Pinterest jewelry content",Diamond Rings,Diamond Rings
Whisk_zmjy0gzn4mzy2idmtkjnzgtllnjz00cmxcjytkt.png,A studio-style close-up of a close-up solitaire-style gold ring with diamond-forward styling against a rosy clay backdrop.,Diamond Solitaire Ring A Softly Sculpted Profile Centered Portrait on Rose Clay,"Diamond Solitaire Ring A Softly Sculpted Profile Centered Portrait on Rose Clay places a solitaire-led silhouette in a centered portrait on a rosy clay backdrop, balancing diamond brilliance with a softly sculpted profile and polished yellow-gold styling. Use this pin for Diamond Rings when you want jewelry content that reads premium, save-worthy, and ready for bridal or luxury inspiration boards.",#diamondring #finejewelry #engagementring #goldjewelry #luxuryjewelry #pinterestpost #solitairering #bridalring #finejewelry #diamondrings,"diamond ring, clear stone ring, gold engagement ring, solitaire engagement ring, bridal solitaire jewelry, diamond rings, rose clay jewelry photo, Pinterest jewelry content",Diamond Rings,Diamond Rings
Whisk_zy2n5igo0q2nze2ntygmxewlxytz00smkldmtiz.png,A studio-style close-up of a close-up solitaire-style gold ring with diamond-forward styling against a soft neutral studio background.,Diamond Solitaire Ring Bridal-Ready Sparkle Centered Portrait on Studio Neutral,"Diamond Solitaire Ring Bridal-Ready Sparkle Centered Portrait on Studio Neutral places a solitaire-led silhouette in a centered portrait on a soft neutral studio background, balancing diamond brilliance with bridal-ready sparkle and polished yellow-gold styling. Use this pin for Diamond Rings when you want jewelry content that reads premium, save-worthy, and ready for bridal or luxury inspiration boards.",#diamondring #finejewelry #engagementring #goldjewelry #luxuryjewelry #pinterestpost #solitairering #bridalring #finejewelry #diamondrings,"diamond ring, clear stone ring, gold engagement ring, solitaire engagement ring, bridal solitaire jewelry, diamond rings, studio neutral jewelry photo, Pinterest jewelry content",Diamond Rings,Diamond Rings
Whisk_zygnkbdnwmmnwatntmznijwlkzdz00imjhtotem.png,A studio-style close-up of a layered gold ring stack with diamond-forward styling against a rosy clay backdrop.,Diamond Ring Stack Layered Gold Bands Centered Portrait on Rose Clay,"Diamond Ring Stack Layered Gold Bands Centered Portrait on Rose Clay places a layered stack with bridal energy in a centered portrait on a rosy clay backdrop, balancing diamond brilliance with layered gold bands and polished yellow-gold styling. Use this pin for Diamond Rings when you want jewelry content that reads premium, save-worthy, and ready for bridal or luxury inspiration boards.",#diamondring #finejewelry #engagementring #goldjewelry #luxuryjewelry #pinterestpost #ringstack #bridalset #stackingrings #diamondrings,"diamond ring, clear stone ring, gold engagement ring, gold ring stack, bridal ring set, diamond rings, rose clay jewelry photo, Pinterest jewelry content",Diamond Rings,Diamond Rings
Whisk_zyjn3qwymhjz5mgztqty4ewl1umn00czxezyte2.png,A studio-style close-up of a close-up solitaire-style gold ring with diamond-forward styling against a warm taupe background.,Diamond Solitaire Ring Refined Diamond Accents Centered Portrait on Warm Taupe,"Diamond Solitaire Ring Refined Diamond Accents Centered Portrait on Warm Taupe places a solitaire-led silhouette in a centered portrait on a warm taupe background, balancing diamond brilliance with refined diamond accents and polished yellow-gold styling. Use this pin for Diamond Rings when you want jewelry content that reads premium, save-worthy, and ready for bridal or luxury inspiration boards.",#diamondring #finejewelry #engagementring #goldjewelry #luxuryjewelry #pinterestpost #solitairering #bridalring #finejewelry #diamondrings,"diamond ring, clear stone ring, gold engagement ring, solitaire engagement ring, bridal solitaire jewelry, diamond rings, warm taupe jewelry photo, Pinterest jewelry content",Diamond Rings,Diamond Rings
